index,module,topic,color,feed,term,created,country,ratio,counter,pages,language,ipcc,continent
'd8567a337b',extremes,Drought,#edc291,edo,日照り続く日本,2026-08-31T08:51:00+00:00,Japan,0.6057575570244591,3,3,ja,EAS,Asia
'95ae531eb7',extremes,Earthquake,#870007,usgs,児島地震,2026-09-01T07:57:00+00:00,Japan,0.5218823544766966,3,2,ja,EAS,Asia
'9f0423d739',extremes,Drought,#edc291,random,乾燥,2026-08-27T13:00:00+00:00,,0.521266986340003,2,3,ja,,
'5666648428',extremes,Drought,#edc291,edo,乾燥した日本,2026-08-30T08:30:00+00:00,Japan,0.5167164525033912,3,3,ja,EAS,Asia
'62084daeb0',extremes,Earthquake,#870007,random,地震,2026-09-05T07:04:00+00:00,,0.5098785174778024,2,3,ja,,
'80462e91eb',extremes,Tropical Cyclone,#4f4f4f,random,サイクロン,2026-09-01T07:57:00+00:00,,0.4940404712822829,3,2,ja,,
'95b2881221',extremes,Precipitation,#d60d2b,random,大気中の河川,2026-09-01T07:57:00+00:00,,0.4892714158914252,2,3,ja,,
'2fdeaffad3',extremes,Earthquake,#870007,usgs,いわき地震,2026-09-11T07:27:00+00:00,Japan,0.4700019651525988,4,2,ja,EAS,Asia
'8b4587c763',extremes,Storm,#b3b2b1,random,砂嵐,2026-09-05T07:04:00+00:00,,0.467923868677628,3,2,ja,,
'd2b5043a66',extremes,Cold Wave,#a7e9fa,random,最低最低気温,2026-09-02T07:16:00+00:00,,0.4632993450781396,3,2,ja,,
'1d33bbdbbe',extremes,Snow&Ice,#d60d2b,random,吹雪,2026-09-06T07:16:00+00:00,,0.4616643728032673,3,2,ja,,
'f3b91506ec',extremes,Cold Wave,#a7e9fa,random,記録的な寒さ,2026-09-11T07:26:00+00:00,,0.4441295374981528,3,2,ja,,
'a652c78afc',extremes,Drought,#edc291,random,大干ばつ,2026-09-03T07:20:00+00:00,,0.4303321670023968,3,2,ja,,
'0053afc92f',extremes,Volcano,#b83202,random,ラハル,2026-09-12T07:19:00+00:00,,0.2377552746493357,3,1,ja,,
