domain,sentiment_mean,sentiment_std,subjectivity_mean,subjectivity_std,counting
news.livedoor.com,0.06104413333341681,0.11201576592715928,0.45616324274924475,0.11642808904815491,1057.0
www.huffingtonpost.jp,0.17622900354745188,0.17135779308555718,0.5334726714479854,0.1434742887101067,633.0
news.web.nhk,0.031513863356142764,0.152001601168716,0.33250088920701665,0.22910286735135157,340.0
entabe.jp,0.21490215485045053,0.15950260991057771,0.5461510352204191,0.14330143032517847,237.0
director.blog.shinobi.jp,0.09010047647166103,0.10867360817851004,0.40699823100795274,0.09452623298051135,211.0
www.asahi.com,0.04437791337630303,0.18549304342511289,0.3906309794373419,0.19483974495367254,187.0
prtimes.jp,0.11056241339919155,0.1907138947181755,0.3593185655244324,0.23803709657382233,181.0
web-price.info,0.17500034491911243,0.22370280700042236,0.5220626128721366,0.2669143711549438,153.0
togetter.com,0.07842068956878866,0.15755225121384248,0.493494476474403,0.12424350496389616,123.0
dain.cocolog-nifty.com,0.08443078339788866,0.19223217849062085,0.3839148597503861,0.15658114068200252,114.0
eiji.txt-nifty.com,0.043837964893584165,0.20471704089067816,0.4184993190635392,0.23440913317829132,109.0
nightwalker.cocolog-nifty.com,0.039567615827837785,0.18974954900039,0.21666595087155832,0.2527728259789035,107.0
moeyo.com,0.274412895552903,0.11977443403365524,0.5123307139200701,0.11776451860198521,104.0
blog.livedoor.jp,0.039859816990769376,0.231573786628402,0.46522182711468424,0.22726741441361523,90.0
japan.cnet.com,0.08389754225475987,0.11951260281673723,0.314378723443274,0.18780075698316137,76.0
mobilelaby.com,0.15345461680563172,0.1121491349584907,0.4532124807821054,0.10687000307265909,64.0
yosyan.hatenablog.com,0.12761769198928372,0.12001870237615277,0.47917934894761416,0.12342433719424953,61.0
uekusak.cocolog-nifty.com,0.06492409992124641,0.11767549857928625,0.40769815310667673,0.12477664154532647,61.0
yoshizokitan.blog.shinobi.jp,0.002920046873377347,0.14935290019809586,0.4608880801054186,0.16085305361586688,53.0
moognyk.jp,0.07463620709655944,0.1091636271590586,0.36218948110138277,0.11856011728905286,46.0
www.2nn.jp,-0.06402117868581282,0.23947783110702273,0.39632627083846594,0.2168317265045473,41.0
news4vip.livedoor.biz,0.027880650937815575,0.14701036302470333,0.4203759702357263,0.19122715278921876,41.0
qetic.jp,0.14308819909099224,0.11148035659515834,0.4678650751807742,0.12411910542401441,37.0
www.gizmodo.jp,0.06569335198799484,0.13295125699466562,0.5284976811762526,0.14347323213345067,37.0
www.tyoshiki.com,0.05184835435856291,0.12319542404095933,0.4850474004815133,0.09484942625439066,36.0
touchlab.jp,0.0915164840828106,0.16193614035041584,0.41431357021663145,0.2626775026008681,35.0
musashikosugi.blog.shinobi.jp,0.17638652939779823,0.18624036798974006,0.40644947300301354,0.22787057962215698,34.0
diamond.jp,0.06847486638063743,0.11699631900905766,0.44156094400426604,0.09065990419736127,32.0
alfalfalfa.com,0.030872495999824435,0.12390502599247041,0.5429712462918346,0.16296252883230897,30.0
hamada.air-nifty.com,0.11204846960799342,0.12102689122554487,0.43177737716428194,0.11000965281363756,28.0
eigokiji.cocolog-nifty.com,0.05695282551343157,0.17564870013835546,0.34986871682999626,0.1651776159154738,27.0
news.yahoo.co.jp,0.013648484084992021,0.10923660995386889,0.33363947327902355,0.1754102810456842,27.0
nomisuke.hatenadiary.jp,0.03295908719933684,0.12212176061259017,0.5027245430851199,0.08145263295225572,26.0
www.roomie.jp,0.11851089383723418,0.1351271099386821,0.5615614777977416,0.08637382810187993,26.0
fujipon.hatenadiary.com,0.09087950848532064,0.17227439558553956,0.4507411610570951,0.12893200952055534,26.0
arigato-ipod.com,0.1360163146617692,0.17868683682156336,0.41326102802920983,0.20704544989095033,25.0
www.cnn.co.jp,0.015233291399958063,0.12258858384076082,0.45896233334566666,0.1594927814441766,25.0
matometanews.com,-0.06937681878306878,0.24081003644457116,0.40187929894179897,0.2519815745427441,24.0
eulabourlaw.cocolog-nifty.com,0.0522549528018278,0.15466657648132734,0.27805337602212604,0.22848641583065032,24.0
www.e-aidem.com,0.19494343860229277,0.22334686880738927,0.6033003564079953,0.23124364949000256,24.0
natalie.mu,0.21492891145259158,0.20334352520451435,0.40084113580231595,0.1875252122336108,23.0
blog.tatsuru.com,0.0007367149758454039,0.17633226787798886,0.30084693084693087,0.2367027878817482,23.0
world-fusigi.net,0.05335364325654505,0.1646970329254396,0.583329957740672,0.14338557015790668,20.0
itainews.com,-0.07710416776206248,0.2668182380952011,0.35623862979126136,0.2739670278050862,19.0
gregokapon.blog.shinobi.jp,0.5751507675438596,0.11304154328776006,0.5916666666666667,0.1325497810048905,19.0
p-shirokuma.hatenadiary.com,0.11242852009001246,0.06617563719093436,0.4421326122134946,0.1325195470675166,18.0
www.newsweekjapan.jp,0.042869840480320276,0.13118785744453254,0.45411777254264624,0.1457903596606543,18.0
toyokeizai.net,0.11459370073085351,0.2054925855305189,0.5075673400673401,0.1392720744285321,18.0
kaden.watch.impress.co.jp,0.11843477433060766,0.1614261978895719,0.41541631670798335,0.22242348019781114,18.0
cruel.hatenablog.com,0.061581862511958504,0.14035947925930073,0.42896057031405616,0.12225668407801286,18.0
ameblo.jp,0.23481068988881487,0.11953417072684404,0.4667365379687317,0.12857875819567663,18.0
shikaku2ch.doorblog.jp,-0.043102561245943596,0.0723400283186542,0.44050806219923866,0.12322714755216403,17.0
natgeo.nikkeibp.co.jp,0.07513452350637226,0.21989789390980302,0.5045497744552366,0.20809287851385977,17.0
jbpress.ismedia.jp,0.09707782049299905,0.1742166958004303,0.455250850340136,0.15949828245917405,16.0
blog.cybozu.io,0.05551534692159692,0.08554168871271782,0.3682097724806058,0.11700664128514146,16.0
note.com,0.05962965226343495,0.09967258528994298,0.435793908766131,0.10202672342902262,15.0
weekly.ascii.jp,0.12163591269841272,0.15089795347000184,0.5697236652236654,0.18304346013431472,15.0
wanderer.way-nifty.com,0.07623148148148148,0.19267607778577817,0.36007549857549853,0.26579857088331604,15.0
rocketnews24.com,0.21967338047440088,0.1557931100195508,0.517544555595576,0.08789380897435385,14.0
bookmark.hatenastaff.com,0.09571631741274599,0.13523658903358754,0.30034063159063157,0.09191094119076619,14.0
www.fashionsnap.com,0.08348048646088092,0.09548409600772272,0.3888636063271872,0.08643263168794685,14.0
agora-web.jp,0.03813397581254724,0.1919563832821576,0.535902305366591,0.18542053059358451,14.0
kaz-ataka.hatenablog.com,0.041782484787292476,0.11199052222293192,0.37887240786279247,0.12275090885276446,13.0
blog.gururimichi.com,0.2586805555555556,0.24198293263896153,0.39542824074074073,0.2515992022921421,12.0
k-tai.watch.impress.co.jp,0.08095238095238094,0.12006330787272503,0.3306051587301587,0.23636856431663478,12.0
vippers.jp,0.042938236531986536,0.320144778113314,0.5152973935786436,0.20368714800263318,12.0
www.afpbb.com,0.14815656565656565,0.15028786794669782,0.3568560606060606,0.21635857968383376,11.0
niigata.way-nifty.com,0.0798504525777253,0.12921862030382908,0.15722156631247539,0.22153819278384831,11.0
eiga.com,0.11755739210284664,0.2231515839898144,0.496249617385981,0.13156495178531877,11.0
dc.watch.impress.co.jp,0.009016135379771743,0.1209867995253378,0.35560934015479473,0.20504089202413317,11.0
ouchinews.doorblog.jp,0.16544444444444445,0.19018813536326445,0.5570972222222222,0.18387258214209057,10.0
www.lifehacker.jp,0.13007612893642306,0.24210986326150516,0.576155244673627,0.12375492277874389,10.0
getnews.jp,0.14138301282051283,0.2454394605030573,0.4736696081696081,0.30042097022545355,10.0
blog.919.bz,0.2359604788812378,0.14280329208716708,0.5811824960753532,0.16286288759892556,10.0
ckworks.jp,0.20433856967947875,0.12243854413083984,0.49528218694885356,0.17464143750622727,9.0
www.traicy.com,-0.03066833776159171,0.06027785751506576,0.3426531988734369,0.15887027000473183,9.0
karapaia.com,0.015424373606191791,0.08583682030607254,0.42912902473508535,0.17972355096127,9.0
nanjpride.blog.jp,0.04136503928170595,0.2862576146169606,0.5577160493827161,0.21340483546472336,9.0
www.appbank.net,0.018727534700748987,0.19963590063809297,0.3949941421012849,0.13118391507578495,9.0
www.soccer-king.jp,0.055911189391581545,0.1146050359529731,0.3497766511206054,0.12181914652863285,9.0
nowokay.hatenablog.com,0.19158228294339408,0.14245184032177627,0.5215285763619097,0.0793617999182811,9.0
ayacnews2nd.com,-0.12929067460317462,0.222405645052989,0.5340773809523809,0.2871976005030228,8.0
www.47news.jp,-0.12838541666666664,0.26229297032372,0.37935267857142857,0.1371547312652785,8.0
trivial.way-nifty.com,0.1213431186868687,0.28046647219202764,0.49737058080808083,0.27258462385175497,8.0
machicon.jp,0.4274853265444298,0.061540856768696486,0.6131639505824289,0.08451872729116931,8.0
asianoneta.blog.jp,-0.015304350907029493,0.22456212065801395,0.49783743042671613,0.13220970832790668,7.0
itaishinja.com,0.00724264020182387,0.1579096015309449,0.6001751970629522,0.18230304531523087,7.0
chikirin.hatenablog.com,0.2497312847050242,0.19972481734630565,0.48898223391920875,0.1533078399323773,7.0
tocana.jp,0.0685482374768089,0.07314181853868268,0.47876501474715766,0.14287585740882525,7.0
www.nikkansports.com,0.19454545454545455,0.22508638616453128,0.5395959595959596,0.25759482995342275,7.0
kuromacyo.livedoor.biz,0.009308905380333951,0.0785178996372724,0.24622809729952588,0.19622424000997457,7.0
developers.gnavi.co.jp,0.10140166546416546,0.07593337781903126,0.39282257094757095,0.20487683820012006,6.0
onecall2ch.com,0.06107060185185185,0.08668230254438086,0.5340277777777778,0.25089308073951133,6.0
www.amazon.co.jp,0.05454695767195766,0.0896495307428481,0.3441468253968254,0.12674246784604884,6.0
nwknews.jp,0.21262070105820108,0.30557784501885177,0.5401190476190476,0.13703681002412196,6.0
chris4403.hatenablog.jp,0.06121532477956627,0.07920167003261437,0.44983094713164373,0.1244440381784911,6.0
pc.watch.impress.co.jp,0.05603174603174604,0.08820992106247073,0.3509656084656085,0.08959783071593544,6.0
kindou.info,0.24880869551324095,0.0879724102176999,0.47814993087720364,0.14155991968447476,6.0
piyolog.hatenadiary.jp,-0.0728553391053391,0.09262031516860582,0.3751330266955267,0.16135687179343514,6.0
kai-you.net,0.24382933157435996,0.07405281624581356,0.5016604197570107,0.14407092658503284,6.0
www.cinematoday.jp,0.06987498612498613,0.16384882307084842,0.4498502886002886,0.15159210606293724,6.0
mousouteki.blog53.fc2.com,0.016694444444444463,0.2775325375763718,0.4758333333333334,0.194745203906141,5.0
taisy0.com,0.1890479797979798,0.0358027199966174,0.5762525252525252,0.2116562886510282,5.0
techblog.kayac.com,0.07011688311688312,0.05057924323984033,0.412024531024531,0.07947558776267005,5.0
yjochi.hatenadiary.com,0.07362444153069153,0.09622488169406755,0.4575422216672217,0.1556536464982995,5.0
www.rbbtoday.com,0.1310959595959596,0.1599320791678273,0.5854949494949494,0.12664325658045236,5.0
blog.esuteru.com,-0.015648148148148147,0.10153644344974122,0.3892592592592593,0.24470875160863087,5.0
3dnchu.com,0.2810803571428571,0.1720917997229611,0.4476245421245421,0.23317919363638068,5.0
www.calciomatome.net,-0.06332602351352352,0.03403855800451494,0.44225132506382503,0.12285187166276826,5.0
takoratta.hatenablog.com,0.06119119214119214,0.048470851101872596,0.4750008325008325,0.1179777051118312,5.0
karaage.hatenadiary.jp,0.10057359307359306,0.04822988534011397,0.43625721500721504,0.12193027860980357,5.0
allabout.co.jp,0.04323814333814334,0.13369931116641745,0.5663929292929293,0.1738267033135215,5.0
wired.jp,0.13107857142857143,0.1160415631907598,0.4806238095238095,0.11678135082377986,5.0
digiday.jp,0.1021640898783756,0.05575841569082274,0.5053056586270872,0.09982472671915005,5.0
wedge.ismedia.jp,0.2166929713804714,0.2847416961820954,0.4814920033670034,0.09735400947769825,4.0
techblog.cartaholdings.co.jp,0.11215277777777777,0.07903558836622311,0.4002232142857143,0.07867851077659382,4.0
himaginary.hatenablog.com,0.10155448675903221,0.16809915933775005,0.40876636032317853,0.12970293369616318,4.0
internet.watch.impress.co.jp,0.041037833694083696,0.11461407541738237,0.3514285714285714,0.20165706204522946,4.0
burusoku-vip.com,0.03810064935064934,0.11441827004970467,0.5875825216450217,0.2371513609069708,4.0
www.macotakara.jp,0.18616522366522367,0.05372723563778607,0.4862343674843675,0.06864932473636402,4.0
www.dailyshincho.jp,-0.004635416666666664,0.06807759882520502,0.22890624999999998,0.18963944339082872,4.0
lifehack2ch.livedoor.biz,0.047678571428571424,0.11550365816341386,0.38922619047619045,0.26881682578972693,4.0
yaraon-blog.com,-0.2705208333333333,0.3788740285555198,0.6620833333333334,0.16774857177732788,4.0
greenz.jp,0.19389880952380953,0.16699399192486616,0.43401006235827666,0.14061679701715202,4.0
www.buzzfeed.com,0.17635487812245626,0.15907514934505537,0.68237144510582,0.1276849495387355,4.0
honwaka2ch.livedoor.biz,0.016666666666666663,0.19720265943665388,0.6715277777777777,0.14466462918858777,4.0
kasasora.hatenablog.com,0.1414740946883804,0.1005302781602459,0.45266908025836594,0.10921419823716136,4.0
posfie.com,0.14198357583774252,0.10995065298326459,0.5629298941798941,0.23836922754874476,3.0
tech.connehito.com,-0.0028263403263403355,0.0699714390552215,0.4891543641543641,0.07174018744371573,3.0
tjo.hatenablog.com,0.10275488400488401,0.022404996817507853,0.39037371358799927,0.06574862722312194,3.0
zuuonline.com,0.0040674603174603195,0.05814365216946671,0.1949206349206349,0.012457031211576782,3.0
next49.hatenadiary.jp,-0.03191646316646316,0.095343305167384,0.31013176638176637,0.14829836057767282,3.0
www.gamespark.jp,0.12162698412698414,0.12507697932016867,0.41210317460317464,0.1302202658931471,3.0
zuisho.hatenadiary.jp,0.12984265734265735,0.05780323358092837,0.44860787360787363,0.10691334169042922,3.0
youpouch.com,0.16442307692307692,0.3264377053034575,0.5698260073260073,0.12993535013981453,3.0
www.vogue.co.jp,0.18338594276094278,0.1524806553781006,0.4324074074074074,0.2152792712015105,3.0
chaos2ch.com,0.056806156806156805,0.14127383163818477,0.4941798941798942,0.06420891617552593,3.0
colocal.jp,0.2108101851851852,0.052999185319656805,0.6124537037037038,0.15170903542650702,3.0
www.shift.jp.org,0.09606060606060605,0.05031306946189712,0.26242424242424245,0.16051827217634554,3.0
cytech.way-nifty.com,0.22499999999999998,0.0,0.3192307692307692,0.0,3.0
developer.hatenastaff.com,-0.024305555555555552,0.10121512888306182,0.4290277777777778,0.2109174458917078,3.0
www.nikkan.co.jp,0.0840277777777778,0.01563656979055238,0.6388888888888888,0.23751218292339668,3.0
news.jp,-0.02394781144781144,0.05829866002028286,0.41313131313131307,0.039802177648678744,3.0
smhn.info,0.23555555555555555,0.1400925619935831,0.5042592592592593,0.11179833770122521,3.0
kiririmode.hatenablog.jp,0.050352182539682544,0.155216094870917,0.5862268518518519,0.11831579307496105,3.0
itlifehack.jp,0.23031810451453305,0.16261563532328285,0.576692563388992,0.11099379769794496,3.0
money-life.doorblog.jp,0.22728174603174603,0.3807700844211612,0.2976190476190476,0.17233556361140548,3.0
www.4gamer.net,-0.016125541125541126,0.06216522190252473,0.442478354978355,0.1454786706473258,3.0
mashlife.doorblog.jp,0.2019034090909091,0.33524472473725614,0.52,0.1277149604044535,3.0
kanasoku.info,0.13303571428571428,0.09626078509531043,0.6407738095238096,0.0891492011949414,3.0
ks4402.blog.fc2.com,0.15081409331409332,0.09619076100839925,0.44789321789321795,0.14944623538430443,3.0
www.bbc.com,0.11909722222222222,0.28235166609879503,0.47048611111111116,0.22146191549662017,2.0
suumo.jp,0.23837594696969697,0.10429155413807273,0.39685132575757576,0.006595645638908598,2.0
workingnews117.com,0.11249143217893218,0.06302038169519825,0.5066959776334776,0.0676808582075642,2.0
www.sponichi.co.jp,0.06420454545454546,0.33828631236310963,0.6670454545454545,0.23623794735096015,2.0
vipsister23.com,0.2685714285714286,0.4687107806722259,0.7735714285714286,0.1787970003857413,2.0
www.excite.co.jp,-0.07575,0.10500535700620231,0.52325,0.1035911434438292,2.0
vrda.jpcert.or.jp,0.36,0.4336921591277491,0.6566666666666666,0.48554665641476263,2.0
www.neqwsnet-japan.info,0.16027558750773038,0.12474673320074828,0.6787775716347144,0.1142944603439233,2.0
www.movabletype.jp,0.13,0.18384776310850237,0.24,0.33941125496954283,2.0
www.japandesign.ne.jp,0.06895833333333332,0.30081500982977705,0.5560416666666667,0.17117876661224346,2.0
www.itmedia.co.jp,-0.18153409090909092,0.38850696443601795,0.5480113636363637,0.10003953892923308,2.0
shonenjumpplus.com,0.15234375,0.02393851082141958,0.545875,0.07006249690256713,2.0
www.houyhnhnm.jp,0.22361111111111112,0.02160604053625558,0.5095679012345679,0.17852263796623322,2.0
number.bunshun.jp,0.3626388888888889,0.033194735005701824,0.5575,0.10724452847995969,2.0
dev.classmethod.jp,0.07222222222222222,0.13356461422412566,0.33333333333333337,0.10999438818457412,2.0
s-max.jp,0.1587121212121212,0.03589102601477172,0.3776515151515152,0.15695627794519582,2.0
forest.watch.impress.co.jp,0.002999999999999997,0.0042426406871192805,0.2086666666666667,0.2950992300151859,2.0
cybozushiki.cybozu.co.jp,0.11960997535160216,0.1538164859814669,0.449032187907786,0.04013294903515643,2.0
predge.jp,0.04843749999999999,0.002209708691207943,0.6022916666666667,0.10046808849358863,2.0
rabitsokuhou.2chblog.jp,-0.2286764705882353,0.2069327197884161,0.4947303921568627,0.30797273288443494,2.0
consent.yahoo.com,0.4250000000000001,0.5303300858899107,0.5972222222222222,0.2160604053625562,2.0
car.watch.impress.co.jp,0.12291666666666666,0.014731391274719747,0.7666666666666666,0.32998316455372223,2.0
gori.me,0.29005681818181817,0.08879011286490174,0.42102272727272727,0.10151267805670518,2.0
majikichi.com,-0.027308802308802314,0.05790520899327067,0.4146103896103896,0.2520789758905289,2.0
rumor.way-nifty.com,0.425,0.24748737341529162,0.6916666666666667,0.2003469213361885,2.0
lonpari2.blog.shinobi.jp,0.2844345238095238,0.15813096291177733,0.44575396825396824,0.30770368898776507,2.0
asanoken.jugem.jp,0.015625000000000007,0.1193242693252299,0.796875,0.2872621298570349,2.0
blog.jnito.com,0.15775669642857143,0.16515818729722992,0.36231398809523807,0.14312248118212828,2.0
hiratara.hatenadiary.jp,0.005461815120906037,0.07215270411487616,0.4550045913682278,0.03850452903981845,2.0
kokorosha.hatenablog.com,0.017179834054834045,0.03867022095742231,0.43536796536796535,0.16786898649467646,2.0
lifehacking.jp,0.33859927950837043,0.03062780802596531,0.49915766052129695,0.029294209731292636,2.0
himawari.hatenadiary.com,0.17208333333333337,0.04105147701888572,0.4782638888888888,0.04939926540789356,2.0
gekiyasutoka.com,0.0,1.0,0.0,1.0,1.0
f1-gate.com,0.0,1.0,0.0,1.0,1.0
findy.co.jp,0.0,1.0,0.0,1.0,1.0
fukuma.way-nifty.com,0.0,1.0,0.0,1.0,1.0
www.fnn.jp,0.0,1.0,0.0,1.0,1.0
www.globenewswire.com,0.0,1.0,0.0,1.0,1.0
www.gapsis.jp,0.0,1.0,0.0,1.0,1.0
www.inside-games.jp,0.0,1.0,0.0,1.0,1.0
gendai.media,0.0,1.0,0.0,1.0,1.0
hatenanews.com,0.0,1.0,0.0,1.0,1.0
www.new-akiba.com,0.0,1.0,0.0,1.0,1.0
www.haradaeigo.com,0.0,1.0,0.0,1.0,1.0
eng-blog.iij.ad.jp,0.0,1.0,0.0,1.0,1.0
slownews.com,0.0,1.0,0.0,1.0,1.0
elephant.2chblog.jp,0.0,1.0,0.0,1.0,1.0
www.youtube.com,0.0,1.0,0.0,1.0,1.0
analytics.hatenadiary.com,0.0,1.0,0.0,1.0,1.0
zenn.dev,0.0,1.0,0.0,1.0,1.0
zai.diamond.jp,0.0,1.0,0.0,1.0,1.0
applech2.com,0.0,1.0,0.0,1.0,1.0
automaton-media.com,0.0,1.0,0.0,1.0,1.0
ayano.hatenablog.jp,0.0,1.0,0.0,1.0,1.0
yamaguchi-law-office.way-nifty.com,0.0,1.0,0.0,1.0,1.0
xtech.nikkei.com,0.0,1.0,0.0,1.0,1.0
blog.tinect.jp,0.0,1.0,0.0,1.0,1.0
dreamseed.blog,0.0,1.0,0.0,1.0,1.0
blogs.windows.com,0.0,1.0,0.0,1.0,1.0
www.ttcbn.net,0.0,1.0,0.0,1.0,1.0
bunshun.jp,0.0,1.0,0.0,1.0,1.0
chalow.net,0.0,1.0,0.0,1.0,1.0
www.sankei.com,0.0,1.0,0.0,1.0,1.0
inods.co.jp,0.0,1.0,0.0,1.0,1.0
www.nikkei.com,0.0,1.0,0.0,1.0,1.0
dhbr.diamond.jp,0.0,1.0,0.0,1.0,1.0
huyukiitoichi.hatenadiary.jp,0.0,1.0,0.0,1.0,1.0
kanose.hateblo.jp,0.0,1.0,0.0,1.0,1.0
www.docomo.ne.jp,0.0,1.0,0.0,1.0,1.0
pha.hateblo.jp,0.0,1.0,0.0,1.0,1.0
president.jp,0.0,1.0,0.0,1.0,1.0
udzura.hatenablog.jp,0.0,1.0,0.0,1.0,1.0
ttcbn.net,0.0,1.0,0.0,1.0,1.0
response.jp,0.0,1.0,0.0,1.0,1.0
ringosuki.hateblo.jp,0.0,1.0,0.0,1.0,1.0
rinsuki.hatenablog.jp,0.0,1.0,0.0,1.0,1.0
tomoyukiarasuna.com,0.0,1.0,0.0,1.0,1.0
rockinon.com,0.0,1.0,0.0,1.0,1.0
rtrp.jp,0.0,1.0,0.0,1.0,1.0
s-supporter.hatenablog.jp,0.0,1.0,0.0,1.0,1.0
sakemaru.ldblog.jp,0.0,1.0,0.0,1.0,1.0
tanteifile.com,0.0,1.0,0.0,1.0,1.0
tanakahidetomi.hatenablog.com,0.0,1.0,0.0,1.0,1.0
takuyaonline.hateblo.jp,0.0,1.0,0.0,1.0,1.0
sakura.3ku.jp,0.0,1.0,0.0,1.0,1.0
sayabangkok.doorblog.jp,0.0,1.0,0.0,1.0,1.0
shimajiro-mobiler.net,0.0,1.0,0.0,1.0,1.0
sow.blog.jp,0.0,1.0,0.0,1.0,1.0
softantenna.com,0.0,1.0,0.0,1.0,1.0
vitaminw.livedoor.blog,0.0,1.0,0.0,1.0,1.0
wakagourmet.blog.shinobi.jp,0.0,1.0,0.0,1.0,1.0
joho-todai.com,0.0,1.0,0.0,1.0,1.0
ongakudaisukiclub.hateblo.jp,0.0,1.0,0.0,1.0,1.0
kabu2oku.doorblog.jp,0.0,1.0,0.0,1.0,1.0
kanazawa10no3.hatenablog.com,0.0,1.0,0.0,1.0,1.0
shindannin.hatenadiary.com,0.0,1.0,0.0,1.0,1.0
kejinan.hatenadiary.com,0.0,1.0,0.0,1.0,1.0
www.assiston.co.jp,0.0,1.0,0.0,1.0,1.0
liginc.co.jp,0.0,1.0,0.0,1.0,1.0
www.anlyznews.com,0.0,1.0,0.0,1.0,1.0
www.advertimes.com,0.0,1.0,0.0,1.0,1.0
www.ableton.com,0.0,1.0,0.0,1.0,1.0
matsunosuke.jp,0.0,1.0,0.0,1.0,1.0
michaelsan.livedoor.biz,0.0,1.0,0.0,1.0,1.0
minimote.hateblo.jp,0.0,1.0,0.0,1.0,1.0
moarh.hatenablog.jp,0.0,1.0,0.0,1.0,1.0
natrom.hatenablog.com,0.0,1.0,0.0,1.0,1.0
nofootynolife.net,0.0,1.0,0.0,1.0,1.0
note.yakan-hiko.com,0.0,1.0,0.0,1.0,1.0
nw-electric.way-nifty.com,0.0,1.0,0.0,1.0,1.0
ongaeshi.hatenablog.com,0.0,1.0,0.0,1.0,1.0
watchmono.com,0.0,1.0,0.0,1.0,1.0
1000mg.jp,0.0,1.0,0.0,1.0,1.0
