day,sentiment_mean,sentiment_std,subjectivity_mean,subjectivity_std,counting
2025-11-12,1.1364567220173205,0.6048160665376773,-0.2682694310948588,0.6461758472395221,2.0
2025-11-13,0.7129100323342348,0.8671885923845216,0.39974554836797305,0.6948080034315974,5.0
2025-11-14,0.21438106464225956,1.270310061555043,0.4072734244205507,1.0689524213888804,3.0
2025-11-15,0.511376455912177,0.49980348569050387,0.308552013232848,1.2711664164464525,5.0
2025-11-16,0.6363577156727696,1.4100080363479113,0.5025671059153473,1.0669595166720507,5.0
2025-11-17,-0.33563349314437485,0.6375519671360946,-0.07278321656803195,1.107985074310969,5.0
2025-11-18,-0.13385104866740763,1.161399862714811,0.1459451309524527,1.1325107519008308,10.0
2025-11-19,0.295486061350731,1.1791031533760825,0.06616695691782533,1.1474168724904692,8.0
2025-11-20,-0.31917375288319666,0.41662453345136646,-0.39519633451215386,1.0877027942769966,6.0
2025-11-21,0.07725964558161909,0.6677046308062771,0.349238006494653,0.3528453472476592,4.0
2025-11-22,-0.9336430196321619,0.1488257330843895,1.843118507673187,0.5875011465604943,2.0
2025-11-23,0.7163050692290784,0.381556251432545,0.5767483233239462,0.04927891476868607,2.0
2025-11-24,-0.8322071023233912,1.1347728907881747,0.04305657587424161,1.1071281045189407,4.0
2025-11-25,-0.26044716817650787,0.8300765815692258,-0.0321718121060225,0.8070215017418376,24.0
2025-11-26,-0.10709797346025751,0.9758567805428556,-0.15510050868622963,1.7348218609447306,6.0
2025-11-27,0.5225872978761151,1.2885874553266958,0.4560461188942478,1.474094587179055,5.0
2025-11-28,0.01803175175316102,1.2768028132151146,0.4733164042490952,1.2444700299166853,8.0
2025-11-29,0.1903018768561881,1.1171809515783788,-0.0255246083614177,0.7570549667246929,5.0
2025-11-30,0.40932495246602124,1.1124131561439383,-0.1070025290894474,0.5953623401460585,6.0
2025-12-01,0.15838222481073433,1.0778000642391063,-0.11337023599264122,1.1314253795830278,10.0
2025-12-02,-0.24842422786430246,0.6147914892488479,-0.5442209270265113,0.8016700310449181,9.0
2025-12-03,-0.6333903125223553,0.8924252372475957,0.07167604079869909,1.2876782826717752,7.0
2025-12-04,-0.02623302059310587,0.7282066304740146,0.22954908211657413,0.5965617304836252,9.0
2025-12-05,-0.3810566888733787,0.9799127859916843,0.2808961318565492,1.039035881679251,12.0
2025-12-06,0.01768606064987847,0.7615447874041289,-0.3672327343696543,0.971942255262327,7.0
2025-12-07,0.4940033245323624,0.3225806835567353,-0.20665573566604958,0.6358559363346703,7.0
2025-12-08,-0.07356730737988439,1.3657592903246467,0.2401978240888798,0.905700253876086,45.0
2025-12-09,-0.11713182840016069,0.8485237917291386,0.0009682811645917516,0.8598861286885326,31.0
2025-12-10,-0.16636593570680233,1.0954868250669578,0.12848661363307737,1.1030773940004872,27.0
2025-12-11,0.0021489695334177272,0.9287697902959903,-0.13378198965733912,0.9212097252019747,24.0
2025-12-12,0.02194681467597906,0.8575679638487557,0.03304324041071497,1.2144994947617522,34.0
2025-12-13,0.21240412000519418,0.8095200803265745,0.04022490790985943,0.7059828055527791,9.0
2025-12-14,-0.13415677808058724,0.5583399288702575,-0.33296486710729967,0.9962573657866953,6.0
2025-12-15,-0.17120883444584672,0.5893423790713739,-0.07042089315655041,0.672918646014283,14.0
2025-12-16,0.0833825047179879,0.658532665729601,-0.14932256280528663,0.6362325850230185,11.0
2025-12-17,-0.1206162387425858,0.7911261115738422,-0.26789698236777987,1.1381853180369772,10.0
2025-12-18,0.24544828829534712,1.2106008556193635,0.24434672629392654,0.7907653011529211,13.0
2025-12-19,0.08257986382878915,0.9310078136521557,0.0849306011867477,0.9136576473310586,25.0
2025-12-20,-0.13523476640845275,0.9939161707696982,-0.051911940665384876,1.025523311490195,13.0
2025-12-21,0.3570292757385801,1.231859585650366,-0.2599191788617012,1.4903299922779922,13.0
2025-12-22,-0.1416575264780397,0.7269000669702192,0.03671248820964086,0.7144380791993206,13.0
2025-12-23,-0.20930344890321828,0.8165906331294716,0.01699365312587884,1.0949571277278904,15.0
2025-12-24,0.32398029492462965,1.8363252334957396,0.2079107976067916,1.3449723975640215,13.0
2025-12-25,-0.32409859980426925,1.11956781784495,-0.2698754446339927,1.2154546594010718,16.0
2025-12-26,-0.3638048067812359,0.9509268651566345,-0.04230627139835996,0.9777161904480469,13.0
2025-12-27,0.36902561228667374,0.9644328165443625,0.20646470284610394,0.7995672395690001,12.0
2025-12-28,-0.21829470509578583,0.9334097204463186,-0.9795153560855719,0.40937230568439137,3.0
2025-12-29,0.04408364043499082,1.467850706445744,0.950654076112723,1.1263306495057672,5.0
2025-12-30,0.16861708266106656,0.79755333549259,-0.050149245418480315,0.6774220490308238,16.0
2025-12-31,0.2806311791235008,1.2717361256314004,0.3979037767069313,1.1473471599763065,19.0
2026-01-01,-0.16209029774664033,0.8214807741713873,-0.30768772398683897,0.8358905737882983,11.0
2026-01-02,0.14253316127289978,1.1055581561702323,-0.15417479300067866,0.7663743910568794,10.0
2026-01-03,0.49438546012397017,0.6158910452640319,0.34663861812068214,1.078966026516288,11.0
2026-01-04,-0.4665173258289584,0.9568179021193551,0.19545829817415475,0.8466112749173006,6.0
2026-01-05,0.007320980879867032,1.7055503440499142,0.02158820269607858,1.0991189514429502,17.0
2026-01-06,-0.17338529797075658,0.6058499009480155,-0.07709604324862025,0.8970014322087191,42.0
2026-01-07,0.23455351723587914,0.9262044850079068,0.2642572474058173,1.0248013879221898,26.0
2026-01-08,-0.1717289902409514,0.7777719088503267,-0.2867092612919292,0.7784521840181532,20.0
2026-01-09,-0.049233522189373914,1.0656133999554107,0.11650569048255482,0.8593729666449222,22.0
2026-01-10,-0.04075982544081866,0.8337034743293158,-0.17004335227472597,1.0372458094765724,16.0
2026-01-11,-0.08885731090329108,1.20308069227959,0.16566187229189758,1.0918368708021613,19.0
2026-01-12,-0.27131890441999695,0.9247046878594227,0.2029863086307577,0.8123568187817688,19.0
2026-01-13,0.011150898016232832,1.2910925389867567,0.026749523189452753,0.9850902006063509,23.0
2026-01-14,-0.24052413974456974,0.8281961729992462,-0.008561049409489888,0.9634875641180362,24.0
2026-01-15,0.03610626335579082,0.7584902984588071,0.0308317580159961,0.922029702726351,23.0
2026-01-16,0.5042331459109431,1.0063415385973369,0.2084359944270009,1.014269560710577,15.0
2026-01-17,0.1978509291182649,0.9688097005496897,0.034858980469583495,0.8090162579929306,16.0
2026-01-18,-0.34973082160998975,1.119791201133872,-0.12153143622832252,1.0850826641229574,10.0
2026-01-19,0.21018777474640005,0.9242315088600369,0.20470804117952102,0.5786723558521185,25.0
2026-01-20,-0.0034922005204383647,0.8536563979408032,-0.018614819463981802,0.9956978108974238,24.0
2026-01-21,-0.18244166883130886,1.2050742228797033,0.19733258180147834,1.1397597696070987,35.0
2026-01-22,0.12391204559488248,1.200292042168842,0.2967443509542711,0.8838319110853716,38.0
2026-01-23,-0.14820548854111018,1.605110639768154,0.26267476106924126,1.0888086797054044,34.0
2026-01-24,-0.4823640739081821,0.8370507117877143,0.531643531673327,0.7514510348705582,23.0
2026-01-25,0.04711113597312699,1.1762419967307811,-0.057882906419305484,1.093354303035995,30.0
2026-01-26,-0.14266701726507736,0.9750258985954188,0.042864974378065406,0.9517742231113354,27.0
2026-01-27,0.028499693516720274,1.0081319326324558,0.16447903570467023,0.9000274735087473,26.0
2026-01-28,-0.3523366725273857,0.7824538115032859,-0.08243676875690298,0.8747419377047534,33.0
2026-01-29,-0.20059369863218016,0.7472083093268764,0.167877742324075,0.943948613997679,30.0
2026-01-30,0.026818059829959922,1.0961818021415803,-0.17845738651759052,0.975507652009852,34.0
2026-01-31,-0.46455386902314527,0.6851408484866596,0.15690864252644035,1.070887029459945,21.0
2026-02-01,-0.2587368942625213,0.8517021905558311,0.20948070828265358,1.0822691559533433,21.0
2026-02-02,-0.45590105074453874,1.15239376825042,-0.20888567410624115,1.1831703312305162,22.0
2026-02-03,-0.33041342066194057,0.9936199219960405,0.019108260859144903,1.034675892584055,28.0
2026-02-04,-0.1256300018844855,0.9006496209113086,-0.0026297139318682307,0.9292181347195934,49.0
2026-02-05,0.2520937689183431,1.0874797924999249,0.43660620450097554,0.7010881556818686,16.0
2026-02-06,0.09139207041759884,0.9695258866584995,-0.06086467668678032,0.8486549223877893,18.0
2026-02-07,-0.05970602181708096,1.119664535883503,0.15323115976348683,1.2262977529538897,15.0
2026-02-08,-0.22649921799203987,0.7658873021389166,-0.11807094234160039,0.8494921371125663,15.0
2026-02-09,-0.24617909290849688,0.9729937869867926,0.09658447408738993,1.0009740167813446,31.0
2026-02-10,-0.1291954417297446,1.0100249459013673,0.3125687673551718,0.5476351286969652,31.0
2026-02-11,0.2079484904572227,0.9004222320549037,0.009150101813443253,0.9205179218929339,26.0
2026-02-12,-0.08067191352310553,1.1407881644564064,-0.04540389534980689,0.9540757151825218,52.0
2026-02-13,0.08613982866270177,0.9787630259572752,-0.07566564040159811,1.010887368433872,35.0
2026-02-14,-0.00602130156521183,0.8969912327641614,0.03713219431419201,0.8608635355199717,36.0
2026-02-15,-0.05112022549761089,1.204040093343447,0.3943196986564652,1.0400226842785796,29.0
2026-02-16,0.006431558729194074,0.9449578044965382,0.2588964751868177,0.9687918070531468,37.0
2026-02-17,-0.34046093792426674,0.7756566429794282,0.18751851416933393,0.8295656615184339,39.0
2026-02-18,-0.11735884885166747,1.075743807571555,0.16916618270558947,0.9828453553135322,33.0
2026-02-19,-0.22360105047806508,1.2519449120020805,-0.18293143815283727,0.9750567545767066,20.0
2026-02-20,-0.043103304728078454,0.6998774645381125,-0.3328593746276625,1.0186273126867935,30.0
2026-02-21,0.3315359368717493,0.9374372402804221,0.11009162589838417,0.95195491919137,18.0
2026-02-22,0.6746526303203698,1.0297297980055076,0.10473189101950985,1.0250886263999457,29.0
2026-02-23,0.022474025416888786,0.8017561849836119,0.007512692601144677,0.9430137297072217,24.0
2026-02-24,-0.09439682731393002,0.9816828233445402,-0.060139473852597,0.8972129195764491,34.0
2026-02-25,-0.2670829338866538,1.1554030763310599,-0.0626726566340309,1.1117405245429257,29.0
2026-02-26,0.2173270344201322,1.0011186543952644,0.2897521966212181,1.3746548439118307,20.0
2026-02-27,-0.13073480762914233,1.0008835447279965,0.17623874269136108,0.9305707221438116,29.0
2026-02-28,-0.32168307554367703,0.7056905365270485,-0.14616962326577138,0.8780493780803703,21.0
2026-03-01,-0.02777832975900592,0.9270899024308706,0.06611170192669633,1.1002635207361497,23.0
2026-03-02,-0.2349414217038228,0.9091294158287843,-0.20253843955211187,0.7528210083559533,30.0
2026-03-03,-0.14006057562412594,0.9483542930217679,-0.10704952776892178,0.8297201804044804,50.0
2026-03-04,0.12438637487186577,1.024438968196446,0.08748864361592475,0.9154361996427121,29.0
2026-03-05,0.02749748135489301,0.7615167550645774,-0.4542277290653131,1.2272114161966206,14.0
2026-03-06,-0.1490315263748303,0.8772505064012095,0.15827560842083552,0.7551983116803441,28.0
2026-03-07,0.1203564627184942,0.7133254590081763,0.057885493543247346,0.8369157637465607,21.0
2026-03-08,0.3275305629705604,1.120194470513474,0.01538781619872886,0.9377450332506904,21.0
2026-03-09,-0.054096348907338644,1.202628180399719,0.2617581641534689,1.185650143852498,33.0
2026-03-10,0.29423899307295226,1.2520963062049586,0.2890900805469162,0.7652756134881692,49.0
2026-03-11,1.0062176656047088,1.1365108134111488,0.3704631156847976,0.8453646100773173,47.0
2026-03-12,0.2618050359584111,1.2758184942535704,0.011470353244867273,0.7959190207145875,28.0
2026-03-13,0.0647155009603696,1.2597092111339994,0.052942467670303396,1.040370493983472,28.0
2026-03-14,0.19342725306993075,0.9850970706758321,0.09028544425064967,0.9666013661432402,16.0
2026-03-15,0.21017911637289802,1.1611422229349433,-0.34390298705994704,0.7219888309947193,20.0
2026-03-16,0.5134233133875561,0.9523624446529244,-0.35012172277223785,0.8764227987052796,20.0
2026-03-17,0.0912619884220732,0.8888310276890695,-0.014396911209935807,0.8061143394383599,37.0
2026-03-18,0.35661035419011045,0.9603079867968725,-0.020387020910205868,0.9125394032005747,25.0
2026-03-19,0.23980429698775688,1.1251538597313615,0.08194685905948132,0.9610009892561937,29.0
2026-03-20,0.18091500385506729,0.7768722336461221,0.04578403722428276,0.5761590955749948,3.0
2026-03-21,0.6120466746495044,0.766085974704414,-0.6717218558784249,1.2042753916195785,5.0
2026-03-22,-0.05931829275111458,1.3523330212981195,0.5978294298148634,0.9591736897963229,6.0
2026-03-23,0.07834424396321618,0.3828251601215354,0.13943883425638673,0.8196763713558386,5.0
2026-03-24,0.6427508466327243,0.9943027765543814,0.3306246569006149,1.164255745228336,16.0
2026-03-25,0.32549159273720857,1.1568587559220886,0.2738720841231285,1.0037262229189556,9.0
2026-03-26,-0.10175496703961302,0.6023196903791507,0.23579649373521658,0.6218635576673617,7.0
2026-03-27,0.080838292605428,0.7876385394862098,-0.10055659185841762,1.5686775455969897,10.0
2026-03-28,-0.9668709048013037,2.596086461520266,1.146040834589656,1.4786205251070108,3.0
2026-03-29,-0.14040428112384823,0.7075199953148963,-0.2638705114562152,0.37279075021692487,5.0
2026-03-30,-0.0578451755905318,0.9459277658017691,0.02227036615427358,0.925293377121566,14.0
2026-03-31,0.14963955231839746,1.2920536404872962,-0.04064842558159376,1.0836869763677726,12.0
2026-04-01,0.16434703964025937,0.5809103360189943,0.025845077599556773,1.0226076216693323,19.0
2026-04-02,-0.16117030541442776,1.096985361490134,-0.21609536344916944,0.9210782007494215,19.0
2026-04-03,-0.49623968425514603,0.7796123418146736,-0.2595999153639872,0.8825016263834504,13.0
2026-04-04,-0.37029404807057487,0.6436563948211557,-0.13884646743476592,1.0326258080953306,11.0
2026-04-05,0.2558098015619807,1.1142079590990455,0.5294438314585016,1.2362055425836243,15.0
2026-04-06,0.32228883962890476,0.9039432266982208,0.11881377511362853,0.7380051274354501,13.0
2026-04-07,0.2654581302361644,0.8457588387049577,0.11448184794870302,1.0502208114083884,14.0
2026-04-08,0.09814801060250611,1.1382069812881233,0.12910831345225268,0.9930476269045013,18.0
2026-04-09,0.10269865954150584,0.9165526683429619,0.11194333357899364,0.7515708384117084,28.0
2026-04-10,0.016734318149512532,0.905836394295492,0.31521180276843913,1.0722108178264627,29.0
2026-04-11,0.6336238771012842,0.8545626544230969,0.16771542584762444,1.2013730480531264,21.0
2026-04-12,-0.09781946929636828,1.4141635691855867,0.09002007155337297,1.0149586139657303,16.0
2026-04-13,-0.013240626189675177,0.6181132771594149,-0.23282095469014313,0.8532035367426176,32.0
2026-04-14,-0.1973397703767846,1.192006796255064,-0.08717893889048595,0.8422773887348857,30.0
2026-04-15,-0.006175659374559179,0.8623171054965826,-0.2646178115954158,0.9913926319298224,19.0
2026-04-16,0.07234760927016295,0.9126364580088853,-0.13483118171038266,0.8846935136742059,20.0
2026-04-17,-0.10518484202327819,0.7979623631723174,-0.14094017823902233,1.0260373452195548,19.0
2026-04-18,0.1844287862827117,0.8357601883712538,-0.11618735935230658,0.7799683817458937,23.0
2026-04-19,0.41592617409963994,1.0447233528575994,0.06750126609340242,1.0218741328901,11.0
2026-04-20,-0.0271894886992425,0.968431562216456,-0.21615938567372803,1.1588945265681767,46.0
2026-04-21,-0.033892652547003924,0.8889977229377694,-0.12491960006117271,1.0111333417432566,35.0
2026-04-22,0.03544999783066969,0.9122143096614402,-0.11007408261912897,0.8920241010315494,29.0
2026-04-23,0.14563191655177163,1.044854272236181,0.027838635845676855,0.929680390088588,27.0
2026-04-24,0.12772502047038872,1.1101433795669255,0.11867635921778652,0.7871908791916459,31.0
2026-04-25,-0.06730688077988989,1.0373717688424524,0.20633490897926288,0.8887217429826882,21.0
2026-04-26,-0.11301553957023074,0.9088070085066149,0.1188056940033798,0.9851299813278063,26.0
2026-04-27,-0.10843645256672184,0.9620111793521177,-0.04587641643726278,0.9622285658872405,28.0
2026-04-28,0.37214750847874956,1.1204876740863556,-0.1511810158336471,0.9275274613829978,24.0
2026-04-29,0.24301076362627763,0.8231922129771323,0.23225388333341163,0.9968939335953969,23.0
2026-04-30,-0.1354632821042961,0.8376717978652675,0.005943830849933345,0.731022964902265,28.0
2026-05-01,0.0738279586487596,0.722136138408126,-0.1819251775181158,0.8892627222492437,40.0
2026-05-02,-0.07523666686623912,0.855920691982649,-0.1401542531296909,0.9195080912773749,30.0
2026-05-03,0.13837387213065197,0.707005814399005,0.31281058783610893,0.7281389425747338,23.0
2026-05-04,0.6501554447652598,1.1193966242485018,0.5495100784049753,0.82815031706165,25.0
2026-05-05,-0.21224618003872053,0.9918984717824144,-0.08630285697515919,0.8444929861775137,35.0
2026-05-06,0.13329496503967048,0.874569134763359,-0.24531782054807125,1.1809043090411662,26.0
2026-05-07,0.1560834658241306,1.0011031346221335,0.14106122034268384,1.221627528988118,34.0
2026-05-08,0.2157821928330112,0.956964323911764,0.05676667917631482,1.0093444032409276,31.0
2026-05-09,0.020192987284087464,0.9556738021052753,-0.07166506878217095,0.9152432718742688,28.0
2026-05-10,0.0570186407613827,1.157236328855684,-0.11225871725597358,0.7700291537811137,20.0
2026-05-11,-0.06415433818319594,0.8935251461380255,-0.34175769015458074,0.9706991538684753,22.0
2026-05-12,-0.4553942844289175,0.7833417577485046,-0.08301594621316778,0.9608179978052697,34.0
2026-05-13,-0.05173415612445398,0.8712867674609138,-0.23077843064610956,0.6512714117802767,30.0
2026-05-14,0.006227944877853174,0.830520614087486,-0.21275699567479162,0.9915681534684947,23.0
2026-05-15,0.052176616007061395,0.9672241915314053,-0.1960040160565526,1.1311351809283068,43.0
2026-05-16,-0.023079320134064777,0.7423592714369748,-0.21488548821098818,0.7968550943697739,21.0
2026-05-17,0.24647502715701375,0.7325205180340781,0.22441744012121864,0.940048209605124,29.0
2026-05-18,0.5189801188240514,1.138742041801386,0.6128773339571597,1.1526936646950288,34.0
2026-05-19,0.34592500280919186,1.2329068475214722,0.12493239071052806,1.1609460436941437,31.0
2026-05-20,-0.06424446876435021,0.7779094757868442,-0.3935085192212685,0.935361597635496,34.0
2026-05-21,-0.09866519197246296,1.0331648243905829,-0.17294981606373483,1.0064233367839588,37.0
2026-05-22,0.293448100632577,0.9338909591125893,0.09350699779213316,0.9007161301711913,28.0
2026-05-23,-0.06268002093383086,0.6436223233948828,0.23146231401857575,0.5603017690580389,19.0
2026-05-24,0.14387118797549356,1.1029514661045003,0.11415912311929151,0.9055334094448924,21.0
2026-05-25,0.31535386756215456,0.8228474848283406,0.1254092122847458,1.263296769925462,20.0
2026-05-26,-0.1141576418643283,1.1984756305032485,-0.36692557658662506,1.0388190148296714,27.0
2026-05-27,-0.04119138656644825,0.7041324185190321,-0.08699455498407914,1.0105083592823136,22.0
2026-05-28,-0.14397670697055048,0.8385672021785731,-0.2314872423232364,0.9361981436243517,39.0
2026-05-29,-0.007189143355504191,0.905352718588903,-0.2334478933492384,1.1133422092244376,39.0
2026-05-30,-0.19438915389762457,0.8988097225488163,-0.25844878405594435,0.9000166216754192,29.0
2026-05-31,0.304021720136274,1.1547773786800661,0.26792148385485015,0.6090048798452815,11.0
2026-06-01,-0.27547621766230534,0.9518558040385456,-0.5110390903762349,1.158591011499157,21.0
2026-06-02,-0.18988649650619813,0.7414406615165856,-0.14464186812863983,1.057258974800651,25.0
2026-06-03,-0.12498782688602522,0.95017453582963,-0.297390518956344,0.9054898267760418,30.0
2026-06-04,0.049598677521907185,0.9357192763320276,-0.13458093477181152,0.8605753990785826,29.0
2026-06-05,0.2574904959652595,1.2028053502364315,0.07504972701738202,1.293656607450241,32.0
2026-06-06,-0.39520615798580017,1.1601660620227505,-0.06343949289956281,0.8103477380971603,17.0
2026-06-07,-0.04819241009737242,1.0831036327810526,-0.0959820626273128,0.7070819142958156,17.0
2026-06-08,-0.016220456664562708,0.9087795291380971,0.0648294386077208,1.012010248218836,28.0
2026-06-09,-0.13031661613279474,0.8922126494256455,-0.020487579053636976,0.9270258003934135,29.0
2026-06-10,-0.15091951814023719,0.7632809260500728,0.02279626597975684,0.8992180872652935,20.0
2026-06-11,-0.194830802605305,0.7106544747411416,0.07519348147099658,0.6911340936831777,21.0
2026-06-12,-0.2813274670666076,0.6572133840654185,0.07932293664469517,0.7300797139342399,26.0
2026-06-13,-0.2304358667399795,0.8154582496133241,-0.4025960945140045,0.9998995969628712,24.0
2026-06-14,-0.04934973519541955,1.185091704179855,-0.12329150274522813,1.078710741364569,18.0
2026-06-15,-0.30360472375726777,0.7778356124694173,0.11351341566581764,0.9420647608911761,18.0
2026-06-16,-0.04907985692382271,0.7915397163408887,-0.4461683839492751,0.9739696007638358,23.0
2026-06-17,-0.04816818888690343,0.8236016566267982,0.38625716866686566,0.9157128918438374,23.0
2026-06-18,0.04876893075466557,1.0586953777203132,0.10641159802496075,0.9479948228503303,25.0
2026-06-19,-0.057099967914429325,1.0104044632409244,-0.274041162077762,1.0473775511818386,33.0
2026-06-20,-0.06049014796474107,0.38528958964569204,-0.29972543011741126,1.02918323002017,8.0
2026-06-21,-0.34316890002638073,1.2179234493679512,-0.41191136712688253,1.1505136629240316,14.0
2026-06-22,-0.021816371031483612,1.244814178276641,0.09551870859916145,1.1834806625362226,14.0
2026-06-23,0.21469463122532922,0.7849763162971667,-0.44990827229015146,0.9315321404720125,25.0
2026-06-24,-0.17299218399515448,0.9927678736656865,0.06459459644113869,0.8187982981026145,39.0
2026-06-25,-0.0160401405372025,0.901614196781789,0.12045408957962113,0.9761217949767029,37.0
2026-06-26,0.0417138796497781,1.2320634068276497,-0.2390751767493119,1.272296734117944,30.0
2026-06-27,0.18375373195932643,0.8893837503841829,-0.12401602167211236,1.4276481875393063,17.0
2026-06-28,0.11707573725064728,1.0714938384351722,0.2715817930753392,0.9938451033400754,22.0
2026-06-29,-0.14865513355276944,1.1057434377759339,0.12219836669706118,0.7493186092632163,31.0
2026-06-30,0.265133770517098,0.8669707166272708,0.1546023425089865,1.2081924869312408,31.0
2026-07-01,0.20190734190327217,0.7523742745267159,0.06872049188772471,1.0526216664458286,22.0
2026-07-02,-0.34770989830862037,0.7496191980499874,-0.3243150652748783,1.1908236773155272,16.0
2026-07-03,-0.05522331807470864,0.6591773079421935,-0.4220072916885044,0.9281809669237342,17.0
2026-07-04,0.16840279473943842,0.6665323783328676,0.1470370515495569,0.7653333859958883,19.0
2026-07-05,-0.2534896760816288,1.1074989620911926,0.06551857469240788,0.8443800777851042,15.0
2026-07-06,0.23804720584004868,1.1079638046541584,0.3162921197001352,0.8637164158515884,20.0
2026-07-07,0.32547247669153995,0.9062535050517844,0.17718270464670507,1.0651740412995183,22.0
2026-07-08,0.08829813747734068,1.0113813622495453,-0.03785653494303788,0.9993157997027259,26.0
2026-07-09,0.2760785917265763,0.9805838451356798,0.18913330787438368,0.8275882904633398,24.0
2026-07-10,0.13071819709095553,0.7678225651082159,0.07666962429773677,0.7095220179078484,18.0
2026-07-11,-0.270273568731552,0.9251002839159509,0.19406621254456688,0.8479635793165895,12.0
2026-07-12,0.005226402648697868,0.7655604124936021,0.12956641097391347,0.5727974957025018,9.0
2026-07-13,0.14010326537327958,0.867349579175454,-0.1396044850758202,1.162010903288203,19.0
2026-07-14,-0.11399844660662248,0.9156807755572032,0.21269363875161085,1.1593232383911403,22.0
2026-07-15,-0.22826391909667182,1.2011631714370476,0.14485940619751936,1.0389029084010308,20.0
2026-07-16,0.25755938497167613,1.0339640503571035,0.42250477359959343,0.7796478281242073,21.0
2026-07-17,-0.062352607887586446,0.9088949412558855,-0.1477529349046276,1.0203686194999553,37.0
2026-07-18,0.38462944861879567,1.2647879773778938,0.265400223947712,1.145484475725589,19.0
2026-07-19,0.12475657821214564,1.2397598661291236,-0.587664987894887,0.6720539710843212,6.0
2026-07-20,0.07966320855977214,1.2398457705340185,-0.39598367727570405,0.6939342794992642,14.0
2026-07-21,-0.04847531544606561,0.8835257398129659,0.2818035992657323,0.9549710861762641,20.0
2026-07-22,0.1542326408255713,0.5947894424894787,0.10818776019873838,0.7800851132049856,18.0
2026-07-23,-0.21107785023438083,0.6785693690164487,-0.019063641403167752,0.89003188406404,22.0
2026-07-24,-0.20145041568644215,0.9876563815373064,-0.12596041794474352,0.983458864983986,6.0
2026-07-25,-0.193259393539063,0.9626291952376589,-0.5011708662043888,0.46138665514363914,4.0
2026-07-26,0.6720117547542399,0.8758653580888466,0.2916692544605657,0.6519662151344978,8.0
2026-07-27,-0.3369913718655347,0.7359770275994036,0.1850190492076472,1.1403864187324761,19.0
2026-07-28,-0.3094225183871634,0.8539933253710287,0.05160113953394767,1.1311241051028538,55.0
2026-07-29,-0.22683707899918182,0.9446302034460726,0.13178041694504736,1.1130389291997018,51.0
2026-07-30,-0.007070723146667797,0.8177424144850456,-0.0661533810426606,1.070747979513176,39.0
2026-07-31,0.015391072928384946,0.8497587165072824,-0.14251067584668467,1.0369377692216741,35.0
2026-08-01,-0.22875879572835653,1.2954007575214128,-0.10381219240945005,1.171728438253626,23.0
2026-08-02,-0.1762266284887341,0.6791768222705418,-0.5788384369550309,1.2856936337832172,17.0
2026-08-03,0.08053432079816257,0.9768213624871628,-0.3113376641297487,1.0589247926925478,25.0
2026-08-04,0.027573499300752712,0.8878516010975243,-0.14238449508193413,0.7003731550997023,20.0
2026-08-05,-0.0957880231887877,0.847196016009574,0.2142587060503929,1.0969241669741718,34.0
2026-08-06,0.3166866661536763,0.8802762055780734,-0.0580314607450204,0.9019067981458972,33.0
2026-08-07,0.06373277946932641,0.9016657434130203,0.06261811833460246,1.014043273613652,46.0
2026-08-08,-0.20834831845945265,0.5409882362763254,-0.2531064650561233,0.7095255600973899,19.0
2026-08-09,-0.13245512107272006,0.9135228122515935,-0.06617004140765351,0.7609916429558332,17.0
2026-08-10,-0.11407475303521428,0.8493895548032347,0.09588834749438756,0.9033070851509241,23.0
2026-08-11,0.016531549186588113,1.0178706867070748,-0.02779661370450609,0.8414571410839745,28.0
2026-08-12,0.008737789868088302,0.9230247603880651,0.1846079463278611,1.0377108139013098,20.0
2026-08-13,-0.04050955064846836,0.7026300116086943,-0.4812144407959308,0.897817960677674,21.0
2026-08-14,-0.16333869427125808,0.7027489534476316,0.0427540418897007,0.9903615952069549,33.0
2026-08-15,0.4970929817497547,0.7564317620348491,0.010080861675691931,0.9330925515823772,13.0
2026-08-16,-0.11574842113921463,0.8305808025632535,0.1242978426055632,0.5751540673614917,8.0
2026-08-17,-0.4396924740888848,0.661735133734841,-0.08700912690727448,1.0918755950515806,17.0
2026-08-18,0.2442262399285083,0.9103469909988305,-0.4525857701992906,0.9283201647750029,19.0
2026-08-19,-0.14972518003786026,0.7800921256110881,-0.10839531067065887,1.4246875133335728,9.0
2026-08-20,0.22361365833142796,0.9197649033874196,-0.09568236002348923,1.1216401428543143,12.0
2026-08-21,0.7247648551767805,1.112717658723118,0.15739990106312055,1.6105661263714184,6.0
2026-08-22,0.053128716071998316,1.1489740530380632,-0.04412157066032333,1.1207722264339217,6.0
2026-08-23,0.09469957157454106,1.4651867160421637,0.7229031722738385,1.0235276403807454,4.0
2026-08-24,0.11326639388151641,0.712977561429308,-0.01850429829092733,0.8202120299514871,5.0
2026-08-25,-0.2249972707085467,1.0572243612653767,-0.14682480734543515,1.0573777139890193,9.0
2026-08-26,-0.19844835936907185,1.1755256070081828,-0.0635122907398617,1.2310603486303593,13.0
2026-08-27,0.11431793681334573,0.9281457187611734,0.1809873729198084,1.1155743275912355,27.0
2026-08-28,-0.16691104468738158,0.7833689922963143,-0.1932215194496152,1.035537484980224,24.0
2026-08-29,-0.08477111512792862,0.509188641028895,-0.39037655605684796,1.035430026622056,6.0
2026-08-30,-0.5660555401499625,1.1408012012387228,-0.5449694366442775,0.7139614769005462,5.0
2026-08-31,-0.03043049010449686,0.8159754130533534,-0.39671623031925357,0.4386238876170495,8.0
2026-09-01,-0.1449260490921986,1.052225753669454,-0.40611905623373973,1.189015819157405,22.0
2026-09-02,-0.5560120282771867,0.7521063740286063,-0.5784868689736216,0.7779785704145824,6.0
2026-09-03,-0.2892818356894347,0.5116424282245773,-0.4160486366580428,1.2770223933094829,8.0
2026-09-04,-0.10175481253039831,0.9566612506255056,-0.46027026810441934,1.171473820538747,9.0
2026-09-06,-0.33053272063154987,1.006538890429827,0.034258395775140386,0.8883440802806678,6.0
2026-09-07,-0.7649053369400209,0.32829183126277195,-1.109842850835157,2.532411798877775,2.0
2026-09-08,-0.9644127274578338,0.7030997284305004,0.7717916703598169,0.4830531334749252,3.0
2026-09-09,-1.2833004619554083,1.0,0.694512212964005,1.0,1.0
