,phrase,label,sentiment,subjectivity,language,count,gnd,geonames,geotype,latitude,longitude,continent,country,ipcc
Japan,Japan,GPE,0.09404873,0.81835889,en,174.05012290,4028495-5,1861060,A,35.68536000,139.75309000,ASIA,Japan,EAS
Hokkaido,Hokkaido,GPE,0.01311543,0.54041980,en,85.89362304,4095546-1,11257417,L,43.51669000,142.44873000,ASIA,Japan,EAS
Tohoku,Tohoku,GPE,0.01388880,0.62671190,en,84.14610390,4552767-2,2110769,L,39.00000000,141.00000000,ASIA,Japan,EAS
Aomori,Aomori,GPE,0.02737968,0.53366864,en,57.19295149,4309664-5,2130658,P,40.81667000,140.73333000,ASIA,Japan,EAS
Pacific,Pacific,LOC,0.01117939,0.93961018,en,48.75753413,,0,,,,,,
Hokuriku,Hokuriku,GPE,-0.04303716,0.82855640,en,47.32467532,1335107711,1862262,L,37.00000000,137.50000000,ASIA,Japan,EAS
Tokyo,Tokyo,GPE,0.14952953,0.85135441,en,42.81381951,4078337-6,1850147,P,35.68950000,139.69171000,ASIA,Japan,EAS
Aomori Prefecture,Aomori Prefecture,GPE,-0.02265336,0.58450802,en,40.74957265,4309664-5,2130658,P,40.81667000,140.73333000,ASIA,Japan,EAS
Kumamoto,Kumamoto,GPE,0.04786305,0.31921734,en,28.92500000,4382233-2,1857892,T,32.42944000,130.99099000,ASIA,Japan,EAS
Kanto,Kanto,GPE,0.02277947,0.75495286,en,22.13685481,,1860102,L,36.25000000,139.50000000,ASIA,Japan,EAS
Hachinohe City,Hachinohe City,GPE,0.03314869,0.65456419,en,19.38571429,,10339757,S,40.50727000,141.48790000,ASIA,Japan,EAS
Ibaraki Prefecture,Ibaraki Prefecture,LOC,-0.00922800,0.35404970,en,18.82857143,,2111901,P,36.35000000,140.45000000,ASIA,Japan,EAS
Iwate Prefecture,Iwate Prefecture,GPE,-0.11050388,0.33104140,en,18.34761905,4323908-0,2111834,P,39.70000000,141.15000000,ASIA,Japan,EAS
China,China,GPE,0.11625453,0.76947184,en,18.13863636,4009937-4,1814991,A,35.00000000,105.00000000,ASIA,China,EAS
Kyushu,Kyushu,GPE,0.14076641,0.98214423,en,17.29848485,,1857891,L,32.33546000,130.85082000,ASIA,Japan,EAS
Yamagata,Yamagata,GPE,-0.15174833,0.64021847,en,16.14166667,4234361-6,2110556,P,38.23333000,140.36667000,ASIA,Japan,EAS
the Sea of ​​Japan side,the Sea of ​​Japan side,LOC,0.00279679,0.45291406,en,15.70000000,,0,,,,,,
Shimane Prefecture,Shimane Prefecture,LOC,0.01910393,0.21556737,en,13.96666667,4389008-8,1857550,P,35.48333000,133.05000000,ASIA,Japan,EAS
the Great East Japan Earthquake,the Great East Japan Earthquake,LOC,0.88076277,1.09699913,en,12.72500000,,0,,,,,,
the Japan Sea,the Japan Sea,LOC,-0.06123737,0.79308168,en,11.60000000,,7733078,S,15.21300000,145.75700000,PACIFIC,Northern Mariana Islands,NPO
US,US,GPE,0.12558672,0.61992995,en,10.87683983,,0,,,,,,
Ukraine,Ukraine,GPE,-0.00942118,0.56295277,en,9.77675439,4061496-7,690791,A,49.00000000,32.00000000,EUROPE,Ukraine,WCE
Chiba Prefecture,Chiba Prefecture,GPE,-0.02190722,0.03479381,en,9.70000000,4388993-1,2113015,P,35.60000000,140.11667000,ASIA,Japan,EAS
Sanriku,Sanriku,GPE,-0.00013668,0.45680386,en,9.70000000,,2111923,L,38.50000000,141.50000000,ASIA,Japan,EAS
Russia,Russia,GPE,0.09173402,0.52123559,en,9.68984962,4076899-5,2017370,A,60.00000000,100.00000000,ASIA,Russia,ESB
the United States,the United States,GPE,0.16587243,0.94556119,en,9.57131465,,0,,,,,,
Fukushima,Fukushima,GPE,0.47672573,0.88458080,en,9.00238095,4332074-0,2112923,P,37.75000000,140.46667000,ASIA,Japan,EAS
New York,New York,GPE,0.04905765,0.47721114,en,8.20000000,4042011-5,5128581,P,40.71427000,-74.00597000,NORTH-AMERICA,United States,ENA
Nagano,Nagano,GPE,0.04731607,0.56285661,en,7.40000000,4310172-0,1856215,P,36.65000000,138.18333000,ASIA,Japan,EAS
Chiba,Chiba,GPE,0.00965945,0.43090892,en,6.98461538,4388993-1,2113015,P,35.60000000,140.11667000,ASIA,Japan,EAS
Niigata,Niigata,GPE,0.10228597,0.67897736,en,6.93181818,4208484-2,1855431,P,37.92259000,139.04125000,ASIA,Japan,EAS
Sea,Sea,LOC,-0.09668763,0.58743935,en,6.62500000,,10922499,L,41.25206000,36.96073000,EUROPE-AFRICA,Turkey,MED
Shikoku,Shikoku,GPE,-0.18843669,0.82937123,en,6.45000000,4224753-6,1852487,T,33.75000000,133.50000000,ASIA,Japan,EAS
Nankai Trough,Nankai Trough,LOC,0.04573001,0.48297557,en,6.43333333,,0,,,,,,
Shimane,Shimane,GPE,0.01832461,0.22513089,en,6.36666667,4389008-8,1857550,P,35.48333000,133.05000000,ASIA,Japan,EAS
Osaka,Osaka,GPE,0.08305545,0.67204343,en,6.14047619,4043961-6,1853909,P,34.69379000,135.50107000,ASIA,Japan,EAS
San'in,San'in,GPE,-0.10847458,0.63700565,en,5.90000000,4116320-5,3621849,P,9.93388000,-84.08489000,CENTRAL-AMERICA,Costa Rica,SCA
Tottori Prefecture,Tottori Prefecture,GPE,-0.03818444,0.30619597,en,5.78333333,4309653-0,1849892,P,35.50000000,134.23333000,ASIA,Japan,EAS
Iwate,Iwate,LOC,-0.00223468,0.30615068,en,5.59365079,4323908-0,2111834,P,39.70000000,141.15000000,ASIA,Japan,EAS
Dubai,Dubai,GPE,0.33228225,0.58622878,en,5.45714286,4204044-9,292223,P,25.07725000,55.30927000,ASIA,United Arab Emirates,ARP
Shinkansen,Shinkansen,GPE,-0.10556659,0.56064386,en,5.39285714,,11865030,R,41.89932000,140.67051000,ASIA,Japan,EAS
Chugoku,Chugoku,GPE,0.05791405,0.79769392,en,5.30000000,,1864492,L,34.50000000,133.00000000,ASIA,Japan,EAS
Sanin,Sanin,LOC,-0.05132013,0.72095710,en,5.05000000,,6898181,A,35.28434000,128.44748000,ASIA,South Korea,EAS
the Sea of ​​Japan,the Sea of ​​Japan,LOC,-0.19323266,0.75111857,en,4.96666667,,0,,,,,,
the Kanto region,the Kanto region,LOC,0.22678089,0.94446773,en,4.90929071,,1860102,L,36.25000000,139.50000000,ASIA,Japan,EAS
Tokai,Tokai,GPE,0.05150770,0.36491314,en,4.84285714,,1850221,L,35.00000000,137.50000000,ASIA,Japan,EAS
Kochi,Kochi,GPE,0.04679609,1.13544297,en,4.80000000,4285343-6,1859146,P,33.55000000,133.53333000,ASIA,Japan,EAS
Akita Prefecture,Akita Prefecture,GPE,0.00000000,0.00000000,en,4.80000000,4309665-7,2113126,P,39.71667000,140.11667000,ASIA,Japan,EAS
Ishikawa Prefecture,Ishikawa Prefecture,GPE,-0.04711115,0.21839967,en,4.76904762,,1860243,P,36.60000000,136.61667000,ASIA,Japan,EAS
Los Angeles,Los Angeles,GPE,0.18432971,0.35733696,en,4.60000000,4036361-2,5368361,P,34.05223000,-118.24368000,NORTH-AMERICA,United States,WNA
Hiroshima,Hiroshima,GPE,0.02808989,0.16292135,en,4.45000000,4072524-8,1862415,P,34.40000000,132.45000000,ASIA,Japan,EAS
Fukushima Prefecture,Fukushima Prefecture,LOC,0.27505096,0.80254478,en,4.38041126,,2112923,P,37.75000000,140.46667000,ASIA,Japan,EAS
Mt.,Mt.,GPE,-0.12085770,0.59519168,en,4.27500000,,0,,,,,,
Taiwan,Taiwan,GPE,0.22689298,0.69156957,en,4.25488722,4017875-4,1668284,A,24.00000000,121.00000000,ASIA,Taiwan,EAS
Sendai,Sendai,GPE,0.55324571,1.38975322,en,4.23636364,4118584-5,2111149,P,38.26667000,140.86667000,ASIA,Japan,EAS
Ibaraki,Ibaraki,GPE,0.17261905,0.45833333,en,4.20000000,110449-4,2111901,P,36.35000000,140.45000000,ASIA,Japan,EAS
America,America,GPE,0.29857428,0.82253895,en,4.19523810,,0,,,,,,
Germany,Germany,GPE,0.24458572,0.73273411,en,4.07272727,4011882-4,2921044,A,51.50000000,10.50000000,EUROPE,Germany,WCE
U.S.,U.S.,GPE,0.01515152,0.30767906,en,4.03333333,,0,,,,,,
Kanagawa,Kanagawa,GPE,-0.06054610,0.51085225,en,3.98571429,4192186-0,1848354,P,35.43333000,139.65000000,ASIA,Japan,EAS
Chuetsu,Chuetsu,GPE,-0.15601266,0.61561181,en,3.95000000,,0,,,,,,
Okinawa Prefecture,Okinawa Prefecture,LOC,0.02564103,0.10256410,en,3.90000000,4247455-3,1856035,P,26.21300000,127.67851000,ASIA,Japan,EAS
Joetsu,Joetsu,GPE,-0.16263941,0.44021066,en,3.84285714,,6825489,P,37.14828000,138.23642000,ASIA,Japan,EAS
Saitama Prefecture,Saitama Prefecture,GPE,-0.12828947,0.19627193,en,3.80000000,4390428-2,6940394,P,35.90807000,139.65657000,ASIA,Japan,EAS
Noto Peninsula,Noto Peninsula,LOC,0.23923810,0.38504762,en,3.75000000,,1854948,T,37.33333000,137.00000000,ASIA,Japan,EAS
Shonai,Shonai,GPE,0.06792149,0.69430502,en,3.70000000,10156243-3,6300401,S,38.81222000,139.78722000,ASIA,Japan,EAS
the Sea of ​​Okhotsk,the Sea of ​​Okhotsk,LOC,-0.05000000,0.38108108,en,3.70000000,,0,,,,,,
Earth,Earth,LOC,-0.00859951,0.56142506,en,3.70000000,,0,,,,,,
Honshu,Honshu,GPE,0.21377628,0.49680931,en,3.70000000,,1862185,T,36.00000000,138.00000000,ASIA,Japan,EAS
Spain,Spain,GPE,-0.04391892,0.26689189,en,3.70000000,4055964-6,2510769,A,40.00000000,-4.00000000,EUROPE-AFRICA,Spain,MED
JR East,JR East,GPE,-0.05034722,0.22627315,en,3.60000000,,4207966,L,33.75492000,-84.37169000,NORTH-AMERICA,United States,ENA
Aso,Aso,GPE,0.07142857,0.14285714,en,3.50000000,5179317-9,12343407,L,30.16979000,81.34847000,ASIA,Nepal,TIB
Oita Prefecture,Oita Prefecture,GPE,-0.02857143,0.33333333,en,3.50000000,4389006-4,1854487,P,33.23333000,131.60000000,ASIA,Japan,EAS
Nagoya,Nagoya,GPE,0.22768281,0.81666667,en,3.34285714,4126104-5,1856057,P,35.18147000,136.90641000,ASIA,Japan,EAS
Rikuzentakata City,Rikuzentakata City,GPE,0.38475666,0.76147842,en,3.30000000,,0,,,,,,
Okinawa,Okinawa,GPE,0.35202772,1.54705095,en,3.20681818,4247457-7,1856035,P,26.21300000,127.67851000,ASIA,Japan,EAS
Australia,Australia,GPE,0.20931085,0.79313294,en,3.10000000,4003900-6,2077456,A,-25.00000000,135.00000000,OCEANIA,Australia,CAU
Noto Peninsula Earthquake,Noto Peninsula Earthquake,LOC,-0.04864865,0.60579151,en,3.08333333,,0,,,,,,
Tottori,Tottori,LOC,0.05067064,0.21087928,en,3.05000000,4309653-0,1849892,P,35.50000000,134.23333000,ASIA,Japan,EAS
east,east,LOC,0.02805100,0.50486599,en,3.05000000,,12212303,L,37.02332000,-77.36954000,NORTH-AMERICA,United States,ENA
the Noto Peninsula Earthquake,the Noto Peninsula Earthquake,LOC,0.05048077,0.60576923,en,2.97142857,,0,,,,,,
Kawasaki City,Kawasaki City,GPE,0.18010816,0.83549632,en,2.96666667,,1859642,P,35.52056000,139.71722000,ASIA,Japan,EAS
Yarikata,Yarikata,GPE,0.00846154,0.08461538,en,2.95454545,,0,,,,,,
Kagoshima Prefecture,Kagoshima Prefecture,LOC,-0.07471264,0.41954023,en,2.90000000,4308810-7,1860827,P,31.56667000,130.55000000,ASIA,Japan,EAS
Ishikawa,Ishikawa,GPE,0.16748768,0.43062397,en,2.90000000,10191169-5,1860243,P,36.60000000,136.61667000,ASIA,Japan,EAS
the Noto Peninsula,the Noto Peninsula,LOC,0.42827288,0.85341096,en,2.90000000,,0,,,,,,
Suzu City,Suzu City,GPE,0.05541872,0.32430213,en,2.90000000,,0,,,,,,
Okayama Prefecture,Okayama Prefecture,LOC,0.20864662,0.50313283,en,2.85000000,4102047-9,1854383,P,34.65000000,133.93333000,ASIA,Japan,EAS
Kumamoto Prefecture,Kumamoto Prefecture,LOC,0.03373016,0.48412698,en,2.80000000,,1857892,T,32.42944000,130.99099000,ASIA,Japan,EAS
Mindanao Island,Mindanao Island,LOC,-0.03571429,0.14285714,en,2.80000000,,1699597,T,7.66382000,125.13051000,ASIA,Philippines,SEA
Kinki,Kinki,GPE,-0.04017857,0.39285714,en,2.80000000,4690443-8,1859449,L,35.00000000,135.50000000,ASIA,Japan,EAS
Joetsu City,Joetsu City,GPE,0.23098545,0.62582672,en,2.80000000,,0,,,,,,
Shizuoka,Shizuoka,GPE,-0.04464286,0.13392857,en,2.80000000,4289915-1,1851717,P,34.98333000,138.38333000,ASIA,Japan,EAS
Victoria,Victoria,GPE,0.44642857,0.60714286,en,2.80000000,,241131,P,-4.62001000,55.45501000,INDIAN,Seychelles,EIO
Kiev,Kiev,GPE,-0.05059524,0.39583333,en,2.80000000,4030522-3,703448,P,50.45466000,30.52380000,EUROPE,Ukraine,WCE
Shin-Aomori,Shin-Aomori,GPE,-0.08928571,0.26785714,en,2.80000000,,8311625,S,40.53426000,141.49112000,ASIA,Japan,EAS
Melbourne,Melbourne,GPE,0.13802083,0.58333333,en,2.80000000,4038526-7,2158177,P,-37.81400000,144.96332000,OCEANIA,Australia,SAU
Morimon,Morimon,GPE,0.08290816,0.52040816,en,2.80000000,,0,,,,,,
Tsunan Town,Tsunan Town,GPE,0.18750000,0.52380952,en,2.80000000,,0,,,,,,
midwestern United States,midwestern United States,GPE,-0.17872174,0.46885522,en,2.80000000,,11887750,L,42.65982000,-93.93863000,NORTH-AMERICA,United States,CNA
Kamchatka Peninsula,Kamchatka Peninsula,LOC,0.17063492,0.50198413,en,2.80000000,,2125073,T,56.28672000,159.23540000,ASIA,Russia,RFE
Yasugi City,Yasugi City,GPE,0.05519481,0.18506494,en,2.80000000,,0,,,,,,
Hamatonbetsu Town,Hamatonbetsu Town,GPE,0.00000000,0.00000000,en,2.80000000,,0,,,,,,
Fukui,Fukui,GPE,0.02827381,0.31101190,en,2.80000000,4250606-2,1863985,P,36.06443000,136.22257000,ASIA,Japan,EAS
Mie Prefecture,Mie Prefecture,GPE,-0.07971939,0.48201531,en,2.80000000,4819423-2,1849796,P,34.73333000,136.51667000,ASIA,Japan,EAS
Pacific Ocean,Pacific Ocean,LOC,0.22619048,0.72222222,en,2.80000000,,0,,,,,,
Yamagata Prefecture,Yamagata Prefecture,GPE,0.02108135,0.58767361,en,2.80000000,,2110556,P,38.23333000,140.36667000,ASIA,Japan,EAS
Bundesliga,Bundesliga,GPE,-0.17172619,0.28184524,en,2.80000000,,0,,,,,,
the Tama River,the Tama River,LOC,0.36937003,1.01662098,en,2.78333333,,4179612,H,31.31578000,-81.28482000,NORTH-AMERICA,United States,ENA
Minamiaso Village,Minamiaso Village,GPE,0.00000000,0.00000000,en,2.70000000,,10231037,S,32.89804000,131.00712000,ASIA,Japan,EAS
Oita,Oita,GPE,-0.04012346,0.09979424,en,2.70000000,,1854487,P,33.23333000,131.60000000,ASIA,Japan,EAS
Gunma Prefecture,Gunma Prefecture,GPE,-0.05188679,0.06132075,en,2.65000000,4585830-5,1857843,P,36.40000000,139.08333000,ASIA,Japan,EAS
Yamanashi,Yamanashi,GPE,-0.20952381,0.39576720,en,2.62500000,4387301-7,1859100,P,35.66667000,138.56667000,ASIA,Japan,EAS
Venezuela,Venezuela,GPE,0.07674001,1.81308521,en,2.54285714,4062512-6,3625428,A,8.00000000,-66.00000000,SOUTH-AMERICA,Venezuela,NSA
Mutsu City,Mutsu City,GPE,-0.01966292,0.12289326,en,2.54285714,,0,,,,,,
Gaza,Gaza,GPE,0.09666667,0.17333333,en,2.50000000,4092680-1,281133,P,31.50161000,34.46672000,EUROPE-AFRICA,Palestinian Territory,MED
Niigata City,Niigata City,GPE,0.15340364,0.30680729,en,2.48333333,4208484-2,1855431,P,37.92259000,139.04125000,ASIA,Japan,EAS
Kanagawa Prefecture,Kanagawa Prefecture,GPE,-0.06462418,0.23104575,en,2.42857143,4192186-0,1848354,P,35.43333000,139.65000000,ASIA,Japan,EAS
Noheji Town,Noheji Town,GPE,0.00000000,0.00000000,en,2.40000000,,0,,,,,,
Hiranai Town,Hiranai Town,GPE,0.00000000,0.00000000,en,2.40000000,,0,,,,,,
the Kuril Trench,the Kuril Trench,LOC,0.48369628,1.56712156,en,2.34285714,,0,,,,,,
Misawa City,Misawa City,GPE,0.00000000,0.00000000,en,2.30000000,,0,,,,,,
Saitama,Saitama,GPE,0.00724638,0.41304348,en,2.30000000,4390428-2,6940394,P,35.90807000,139.65657000,ASIA,Japan,EAS
Hakodate City,Hakodate City,GPE,0.00000000,0.00000000,en,2.30000000,,6513244,S,41.75000000,140.71660000,ASIA,Japan,EAS
Kuji City,Kuji City,GPE,0.07608696,0.39130435,en,2.30000000,,6801227,S,37.60735000,127.14222000,ASIA,South Korea,EAS
Nanbu Town,Nanbu Town,GPE,-0.11363636,0.38636364,en,2.20000000,,1855697,P,35.28333000,138.45000000,ASIA,Japan,EAS
Matsue City,Matsue City,GPE,0.02272727,0.22727273,en,2.20000000,,0,,,,,,
Kobe,Kobe,GPE,0.28048341,0.70743146,en,2.10000000,4195257-1,1859171,P,34.69130000,135.18300000,ASIA,Japan,EAS
Akita,Akita,LOC,0.17006803,0.45068027,en,2.10000000,4309665-7,2113126,P,39.71667000,140.11667000,ASIA,Japan,EAS
Miyako City,Miyako City,GPE,0.14285714,0.25000000,en,2.10000000,,10316668,P,33.87904000,130.84907000,ASIA,Japan,EAS
Antarctica,Antarctica,LOC,-0.03968254,0.66269841,en,2.10000000,,0,,,,,,
Saudi Arabia,Saudi Arabia,GPE,0.15151515,0.26695527,en,2.10000000,4051788-3,102358,A,25.00000000,45.00000000,ASIA,Saudi Arabia,ARP
Sakaiminato City,Sakaiminato City,GPE,0.00000000,0.00000000,en,2.06666667,,0,,,,,,
Matsue,Matsue,GPE,-0.45265152,1.12310606,en,2.00000000,4447732-6,1857550,P,35.48333000,133.05000000,ASIA,Japan,EAS
the Sea of Japan,the Sea of Japan,LOC,-0.07916667,0.66805556,en,2.00000000,,7733078,S,15.21300000,145.75700000,PACIFIC,Northern Mariana Islands,NPO
Fukuoka Prefecture,Fukuoka Prefecture,GPE,0.18333333,0.33333333,en,2.00000000,4125989-0,1863967,P,33.60000000,130.41667000,ASIA,Japan,EAS
Nemuro,Nemuro,GPE,0.05179039,0.24922335,en,1.98571429,10141230-7,2128975,P,43.32361000,145.57500000,ASIA,Japan,EAS
Shimokita,Shimokita,GPE,0.00000000,0.06540698,en,1.91111111,,2128134,A,41.27478000,141.33357000,ASIA,Japan,EAS
Hachinohe,Hachinohe,GPE,0.17543860,1.17324561,en,1.90000000,136152-1,2130203,P,40.50000000,141.50000000,ASIA,Japan,EAS
Tsugaru City,Tsugaru City,GPE,0.00000000,0.00000000,en,1.90000000,,0,,,,,,
Aso City,Aso City,GPE,0.26315789,0.26315789,en,1.90000000,,1591629,T,15.90000000,107.65000000,ASIA,Vietnam,SEA
Sotogahama Town,Sotogahama Town,GPE,0.00000000,0.00000000,en,1.90000000,,0,,,,,,
Tsugaru,Tsugaru,GPE,0.00000000,0.13157895,en,1.90000000,,0,,,,,,
Goshogawara City,Goshogawara City,GPE,0.00000000,0.00000000,en,1.90000000,,0,,,,,,
Fudai Village,Fudai Village,GPE,0.15789474,0.27631579,en,1.90000000,,0,,,,,,
Paris,Paris,GPE,0.22631579,0.32456140,en,1.90000000,4044660-8,2988507,P,48.85341000,2.34880000,EUROPE,France,WCE
The United States,The United States,GPE,-0.36842105,0.57894737,en,1.90000000,,0,,,,,,
Aomori City,Aomori City,GPE,0.41228070,0.67543860,en,1.90000000,,6512554,S,40.81660000,140.75000000,ASIA,Japan,EAS
Osaka City,Osaka City,GPE,0.00000000,0.00000000,en,1.90000000,,1853909,P,34.69379000,135.50107000,ASIA,Japan,EAS
Hitachi City,Hitachi City,GPE,0.31578947,0.55263158,en,1.90000000,,10318530,S,33.91300000,130.81417000,ASIA,Japan,EAS
Nippon Budokan,Nippon Budokan,GPE,-0.06937799,0.44736842,en,1.90000000,,10903229,S,35.69344000,139.74981000,ASIA,Japan,EAS
Sarufutsu Village,Sarufutsu Village,GPE,0.00000000,0.00000000,en,1.90000000,,0,,,,,,
Ishinomaki Minamihama,Ishinomaki Minamihama,GPE,0.02631579,0.40350877,en,1.90000000,,0,,,,,,
Osaka Prefecture,Osaka Prefecture,GPE,0.00000000,0.00000000,en,1.90000000,,1853909,P,34.69379000,135.50107000,ASIA,Japan,EAS
Fujieda City,Fujieda City,GPE,0.00000000,0.00000000,en,1.90000000,,0,,,,,,
Bremen,Bremen,GPE,-0.08552632,0.20394737,en,1.90000000,4090044-7,2944388,P,53.07582000,8.80717000,EUROPE,Germany,NEU
Uonuma City,Uonuma City,GPE,0.07894737,0.55263158,en,1.90000000,,0,,,,,,
Shibuya-ku,Shibuya-ku,GPE,0.08771930,0.22807018,en,1.90000000,,1852582,A,35.66404000,139.69821000,ASIA,Japan,EAS
Japan Sea,Japan Sea,LOC,0.08421053,0.38567251,en,1.90000000,,0,,,,,,
Tajima,Tajima,GPE,0.37593985,0.60150376,en,1.90000000,,1851196,L,34.03333000,131.56667000,ASIA,Japan,EAS
Miyazaki Prefecture,Miyazaki Prefecture,GPE,0.00000000,0.08771930,en,1.90000000,,1856717,P,31.91667000,131.41667000,ASIA,Japan,EAS
Tibet,Tibet,GPE,0.11483254,0.31259968,en,1.90000000,4111286-6,1280737,P,29.65000000,91.10000000,ASIA,China,TIB
Aichi Prefecture,Aichi Prefecture,GPE,0.07236842,0.51973684,en,1.90000000,,1856057,P,35.18147000,136.90641000,ASIA,Japan,EAS
Nishio City,Nishio City,GPE,0.05263158,0.47368421,en,1.90000000,,0,,,,,,
Iwate Prefecture's,Iwate Prefecture's,LOC,0.00000000,0.00000000,en,1.90000000,,2112225,T,39.50000000,141.16667000,ASIA,Japan,EAS
France,France,GPE,0.18796992,0.28195489,en,1.90000000,4018145-5,3017382,A,46.00000000,2.00000000,EUROPE,France,WCE
Kitakami City,Kitakami City,GPE,0.00000000,0.00000000,en,1.90000000,,11822280,P,37.81054000,139.11991000,ASIA,Japan,EAS
Kagoshima,Kagoshima,GPE,0.18421053,0.28947368,en,1.90000000,4308810-7,1860827,P,31.56667000,130.55000000,ASIA,Japan,EAS
west,west,LOC,0.04152047,0.63976608,en,1.90000000,,11887751,L,42.77268000,-116.95790000,NORTH-AMERICA,United States,WNA
Philippines,Philippines,GPE,-0.05263158,0.21052632,en,1.90000000,4045771-0,1694008,A,13.40882000,122.56155000,ASIA,Philippines,SEA
Wakayama Prefecture,Wakayama Prefecture,GPE,0.15204678,0.57894737,en,1.90000000,,1926004,P,34.23333000,135.16667000,ASIA,Japan,EAS
Kanto-Koshin,Kanto-Koshin,LOC,0.12719298,0.39035088,en,1.90000000,,1843926,P,34.39222000,126.66861000,ASIA,South Korea,EAS
Kitanomaru Park,Kitanomaru Park,GPE,-0.03508772,0.10526316,en,1.90000000,,10964893,L,35.69165000,139.75150000,ASIA,Japan,EAS
Mount Everest,Mount Everest,LOC,-0.19298246,0.47368421,en,1.90000000,4040417-1,1283416,T,27.98791000,86.92529000,ASIA,China,TIB
Nou,Nou,GPE,0.11232943,0.53630604,en,1.90000000,4242385-5,6252065,P,41.44163000,2.17727000,EUROPE-AFRICA,Spain,MED
Satsuma,Satsuma,GPE,-0.22807018,0.34210526,en,1.90000000,,1852853,A,31.50000000,130.41667000,ASIA,Japan,EAS
Itoigawa City,Itoigawa City,GPE,0.11232943,0.53630604,en,1.90000000,,0,,,,,,
Chishima,Chishima,LOC,-0.03508772,0.38596491,en,1.90000000,4110422-5,2131689,T,47.00000000,152.08333000,ASIA,Russia,RFE
tenki.jp,tenki.jp,GPE,0.08040936,0.34356725,en,1.90000000,,0,,,,,,
Rwanda,Rwanda,GPE,0.26025641,0.78076923,en,1.85714286,4076910-0,49518,A,-2.00000000,30.00000000,AFRICA,Rwanda,SEAF
earth,earth,LOC,-0.16708709,1.63015015,en,1.85000000,,0,,,,,,
Brussels,Brussels,GPE,0.15021008,0.28676471,en,1.83076923,4008460-7,2800866,P,50.85045000,4.34878000,EUROPE,Belgium,WCE
Shimashoka,Shimashoka,GPE,0.00000000,0.00000000,en,1.82857143,,0,,,,,,
Yonezawa,Yonezawa,GPE,-0.25308642,0.82716049,en,1.80000000,4474160-1,2110498,P,37.91000000,140.11667000,ASIA,Japan,EAS
South Korea,South Korea,GPE,-0.44444444,0.77777778,en,1.80000000,4078029-6,1835841,A,36.50000000,127.75000000,ASIA,South Korea,EAS
Mukawa Town,Mukawa Town,GPE,0.00000000,0.00000000,en,1.80000000,,0,,,,,,
Niikappu Town,Niikappu Town,GPE,0.00000000,0.00000000,en,1.80000000,,0,,,,,,
Alaska,Alaska,GPE,0.12169312,0.35449735,en,1.80000000,4001016-8,5879092,A,64.00028000,-150.00028000,NORTH-AMERICA,United States,NWN
Chishima Trench,Chishima Trench,LOC,0.10284392,0.29067460,en,1.80000000,,0,,,,,,
Atsuma Town,Atsuma Town,GPE,0.00000000,0.00000000,en,1.80000000,,0,,,,,,
the Chishima Trench,the Chishima Trench,LOC,0.11111111,0.53369342,en,1.80000000,,0,,,,,,
the Tamagawa River,the Tamagawa River,LOC,0.05357143,0.49107143,en,1.80000000,,0,,,,,,
Indonesia,Indonesia,GPE,0.08333333,0.83333333,en,1.80000000,4026761-1,1643084,A,-5.00000000,120.00000000,ASIA,Indonesia,SEA
Toyama,Toyama,GPE,0.44029484,0.92057740,en,1.76190476,4230546-9,1849876,P,36.70000000,137.21667000,ASIA,Japan,EAS
the Pacific Ocean,the Pacific Ocean,LOC,-0.03201444,1.03054082,en,1.71363636,,7670505,H,7.11300000,171.25400000,PACIFIC,Marshall Islands,EPO
Imaizumi,Imaizumi,GPE,-0.36601307,0.67973856,en,1.70000000,,2129932,P,41.02970000,140.42299000,ASIA,Japan,EAS
Tohoku Town,Tohoku Town,GPE,0.08039216,0.24705882,en,1.70000000,,7283663,S,41.46521000,140.89022000,ASIA,Japan,EAS
Kamikita,Kamikita,GPE,0.00000000,0.00000000,en,1.70000000,,2129754,A,40.82260000,141.22597000,ASIA,Japan,EAS
Rokkasho Village,Rokkasho Village,GPE,-0.07720588,0.36887255,en,1.70000000,,0,,,,,,
Yanmar HD,Yanmar HD,GPE,0.46503497,0.58601399,en,1.62500000,,0,,,,,,
Kaidan,Kaidan,GPE,0.00000000,0.00000000,en,1.61904762,,128355,P,32.19424000,48.90372000,ASIA,Iran,WCA
Showa,Showa,GPE,0.23863636,1.36163102,en,1.61904762,4508467-1,1851659,A,35.96667000,139.80000000,ASIA,Japan,EAS
Gonohe Town,Gonohe Town,GPE,0.00000000,0.00000000,en,1.60000000,,0,,,,,,
Morioka City,Morioka City,GPE,0.00000000,0.00000000,en,1.60000000,,0,,,,,,
Ninohe City,Ninohe City,GPE,-0.07031250,0.14843750,en,1.60000000,,0,,,,,,
the Nemuro Peninsula,the Nemuro Peninsula,LOC,-0.27137177,0.40705765,en,1.59682540,,0,,,,,,
Kansai,Kansai,GPE,0.32163009,0.48790491,en,1.52631579,,1859449,L,35.00000000,135.50000000,ASIA,Japan,EAS
the Pacific coast,the Pacific coast,LOC,0.04351852,1.33888889,en,1.50000000,,12212303,L,37.02332000,-77.36954000,NORTH-AMERICA,United States,ENA
Kumamoto City,Kumamoto City,GPE,0.01805556,0.20555556,en,1.50000000,,11209896,P,32.77856000,130.74537000,ASIA,Japan,EAS
Oirase Town,Oirase Town,GPE,0.00000000,0.00000000,en,1.50000000,,0,,,,,,
Sannohe Town,Sannohe Town,GPE,0.00000000,0.00000000,en,1.50000000,,0,,,,,,
Hashikami Town,Hashikami Town,GPE,0.00000000,0.00000000,en,1.50000000,,0,,,,,,
Chuo Ward,Chuo Ward,GPE,0.53333333,0.50000000,en,1.50000000,,7422794,S,33.58928000,130.39297000,ASIA,Japan,EAS
Kobe City,Kobe City,GPE,0.53333333,0.50000000,en,1.50000000,,10400744,S,34.67783000,135.17663000,ASIA,Japan,EAS
Fuji Rock,Fuji Rock,GPE,0.10101010,0.37407407,en,1.50000000,,2203323,T,-17.85073000,179.44394000,PACIFIC,Fiji,SPO
Hachinohe city,Hachinohe city,GPE,0.07666667,0.25666667,en,1.50000000,,10339757,S,40.50727000,141.48790000,ASIA,Japan,EAS
Yokohama City,Yokohama City,GPE,0.11111111,0.22222222,en,1.50000000,,9888419,P,33.58608000,130.26155000,ASIA,Japan,EAS
Susaki City,Susaki City,GPE,0.36363636,0.98989899,en,1.50000000,,1864055,P,35.66980000,139.81456000,ASIA,Japan,EAS
Hamadori,Hamadori,GPE,-0.06666667,0.08888889,en,1.50000000,,11174194,P,32.70492000,130.59122000,ASIA,Japan,EAS
Tsukuba City,Tsukuba City,GPE,-0.00833333,0.34166667,en,1.50000000,,0,,,,,,
Thailand,Thailand,GPE,0.08333333,0.31666667,en,1.50000000,4078228-1,1605651,A,15.50000000,101.00000000,ASIA,Thailand,SEA
Portland,Portland,GPE,0.20808081,0.65841751,en,1.50000000,4226095-4,5746545,P,45.52345000,-122.67621000,NORTH-AMERICA,United States,WNA
Nagasaki,Nagasaki,GPE,0.05000000,0.59000000,en,1.50000000,4041134-5,1856177,P,32.75000000,129.88333000,ASIA,Japan,EAS
Gunma,Gunma,GPE,-0.11832061,0.80916031,en,1.48863636,4585830-5,1857843,P,36.40000000,139.08333000,ASIA,Japan,EAS
Santa Claus,Santa Claus,GPE,0.10227273,0.30681818,en,1.46666667,,4264457,P,38.12005000,-86.91416000,NORTH-AMERICA,United States,ENA
Izumo,Izumo,GPE,0.06875000,0.43541667,en,1.45454545,4027825-6,1861084,P,35.36667000,132.76667000,ASIA,Japan,EAS
Africa,Africa,LOC,0.35000000,0.82833333,en,1.42857143,,0,,,,,,
Hyogo Prefecture,Hyogo Prefecture,GPE,-0.68070175,1.99649123,en,1.42500000,4195257-1,1859171,P,34.69130000,135.18300000,ASIA,Japan,EAS
Nemuro City,Nemuro City,GPE,0.00000000,0.00000000,en,1.42222222,,0,,,,,,
Nanao City,Nanao City,GPE,0.07046980,0.28187919,en,1.41904762,,0,,,,,,
Oshima,Oshima,LOC,0.00000000,0.17716535,en,1.41111111,,2128596,T,42.00000000,140.50000000,ASIA,Japan,EAS
NTT East,NTT East,LOC,-0.15277778,0.81746032,en,1.40000000,,170782,P,36.31939000,37.31718000,EUROPE-AFRICA,Syria,MED
Cuba,Cuba,GPE,0.14117063,1.56299603,en,1.40000000,4033340-1,3562981,A,22.00000000,-79.50000000,CENTRAL-AMERICA,Cuba,CAR
Tochigi,Tochigi,GPE,-0.08928571,0.26785714,en,1.40000000,4370926-6,1849053,P,36.56667000,139.88333000,ASIA,Japan,EAS
Unane,Unane,GPE,0.15561224,0.70918367,en,1.40000000,,10866819,P,35.62170000,139.60366000,ASIA,Japan,EAS
Takatsu Ward,Takatsu Ward,GPE,0.07780612,0.44387755,en,1.40000000,,0,,,,,,
Karumai Town,Karumai Town,GPE,0.00000000,0.00000000,en,1.40000000,,0,,,,,,
Rokunohe Town,Rokunohe Town,GPE,0.00000000,0.00000000,en,1.40000000,,0,,,,,,
Americas,Americas,LOC,-0.08035714,0.16964286,en,1.40000000,,0,,,,,,
Akihabara,Akihabara,GPE,0.26345881,0.45085227,en,1.33333333,,11790367,P,35.69848000,139.77253000,ASIA,Japan,EAS
Minnesota,Minnesota,GPE,-0.37500000,0.75000000,en,1.33333333,4101012-7,5037779,A,46.25024000,-94.25055000,NORTH-AMERICA,United States,CNA
Santa,Santa,GPE,0.00000000,0.00000000,en,1.33333333,,3904906,P,-17.78629000,-63.18117000,SOUTH-AMERICA,Bolivia,SAM
Nakadori,Nakadori,GPE,0.18264509,0.29866071,en,1.33333333,,11526733,P,42.49509000,143.27919000,ASIA,Japan,EAS
Toyama City,Toyama City,GPE,0.10625000,1.09375000,en,1.33333333,,1849876,P,36.70000000,137.21667000,ASIA,Japan,EAS
Yabuki Town,Yabuki Town,GPE,0.36529018,0.59732143,en,1.33333333,,0,,,,,,
the Kumamoto Earthquake,the Kumamoto Earthquake,LOC,0.04531250,0.33125000,en,1.33333333,,0,,,,,,
Nikkei,Nikkei,GPE,0.22500000,0.75000000,en,1.33333333,,7714674,S,47.59629000,-122.32615000,NORTH-AMERICA,United States,WNA
Sakata City,Sakata City,GPE,0.00000000,0.00000000,en,1.33333333,,8742122,P,37.44746000,138.66566000,ASIA,Japan,EAS
Oman,Oman,GPE,-0.12643678,0.42988506,en,1.31818182,4075653-1,286963,A,21.00000000,57.00000000,ASIA,Oman,ARP
Kawasaki City's,Kawasaki City's,GPE,0.88461538,1.41025641,en,1.30000000,,8030311,S,35.57475000,139.66062000,ASIA,Japan,EAS
Lotteria,Lotteria,GPE,0.05244755,0.17482517,en,1.30000000,,0,,,,,,
Gifu,Gifu,GPE,-0.00854701,1.69444444,en,1.30000000,4331104-0,1863641,P,35.42291000,136.76039000,ASIA,Japan,EAS
Shinjo,Shinjo,GPE,-0.09615385,0.28846154,en,1.30000000,4672421-7,2111061,A,38.78819000,140.33989000,ASIA,Japan,EAS
USA,USA,GPE,0.52797203,0.83041958,en,1.30000000,4078704-7,6252001,X,39.75999900,-98.50000000,NORTH-AMERICA,United States,CNA
England,England,GPE,-0.23763736,0.42261905,en,1.30000000,4014770-8,11919979,L,44.00000000,-71.00000000,NORTH-AMERICA,United States,ENA
P75-L1,P75-L1,GPE,0.00000000,0.00000000,en,1.28571429,,0,,,,,,
Sukagawa City,Sukagawa City,GPE,0.12638889,0.98194444,en,1.28571429,,0,,,,,,
Central Kalimantan,Central Kalimantan,LOC,-0.04320988,0.55092593,en,1.28571429,4272443-0,1641898,A,-2.00000000,113.50000000,ASIA,Indonesia,SEA
Negaimasu,Negaimasu,GPE,0.00000000,0.00000000,en,1.28571429,,0,,,,,,
Sapporo,Sapporo,GPE,0.07202381,0.67440476,en,1.27272727,4051677-5,2128295,P,43.06667000,141.35000000,ASIA,Japan,EAS
Kesennuma City,Kesennuma City,GPE,0.28000000,0.34000000,en,1.25000000,,0,,,,,,
Kagawa Prefecture,Kagawa Prefecture,GPE,0.00000000,0.08000000,en,1.25000000,,1851100,P,34.33333000,134.05000000,ASIA,Japan,EAS
Amami,Amami,GPE,0.00000000,0.00000000,en,1.22222222,,6300360,S,28.43063000,129.71254000,ASIA,Japan,EAS
Pompeii,Pompeii,GPE,-0.50000000,1.00000000,en,1.20000000,4046755-7,3170336,S,40.75000000,14.48333000,EUROPE-AFRICA,Italy,MED
Nantes,Nantes,GPE,0.00000000,0.00000000,en,1.20000000,4041204-0,2990969,P,47.21725000,-1.55336000,EUROPE,France,WCE
Saga Prefecture,Saga Prefecture,LOC,0.15416667,1.25694444,en,1.20000000,,1853303,P,33.23333000,130.30000000,ASIA,Japan,EAS
Kamaishi City,Kamaishi City,GPE,0.00000000,0.00000000,en,1.20000000,,0,,,,,,
Koriyama City,Koriyama City,GPE,0.00000000,0.00000000,en,1.20000000,,0,,,,,,
Kurashiki City,Kurashiki City,GPE,0.07291667,0.05208333,en,1.20000000,,0,,,,,,
Chernobyl,Chernobyl,GPE,0.00000000,0.00000000,en,1.20000000,4127036-8,710403,P,51.27013000,30.21968000,EUROPE,Ukraine,WCE
JR West,JR West,GPE,0.30833333,1.05595238,en,1.16666667,,4669558,S,31.57788000,-94.70668000,NORTH-AMERICA,United States,CNA
the Nankai Trough,the Nankai Trough,LOC,-0.07142857,0.35164835,en,1.16666667,,0,,,,,,
Osawa,Osawa,GPE,0.00000000,0.00000000,en,1.16666667,,2111353,A,38.33333000,140.66667000,ASIA,Japan,EAS
HuffPost Japan,HuffPost Japan,GPE,1.40000000,1.31250000,en,1.14285714,,0,,,,,,
Sanriku Offshore Earthquake,Sanriku Offshore Earthquake,LOC,0.31354167,1.03663194,en,1.14285714,,0,,,,,,
Wajima City,Wajima City,GPE,0.04411765,0.44117647,en,1.13333333,,0,,,,,,
Brompton,Brompton,GPE,0.00000000,0.00000000,en,1.11111111,1266902511,6002138,H,45.42948000,-72.14844000,NORTH-AMERICA,Canada,ENA
Hama,Hama,GPE,-0.18181818,0.13636364,en,1.10000000,4089137-9,170017,P,35.13179000,36.75783000,EUROPE-AFRICA,Syria,MED
Mos Burger,Mos Burger,GPE,-0.54545455,0.86363636,en,1.10000000,,0,,,,,,
the Sea of ​​Japan coast,the Sea of ​​Japan coast,LOC,-0.01767677,1.19949495,en,1.10000000,,0,,,,,,
Tokai Village,Tokai Village,GPE,0.39431818,1.30795455,en,1.10000000,,0,,,,,,
Fukuoka,Fukuoka,GPE,-0.06818182,0.89646465,en,1.10000000,4125989-0,1863967,P,33.60000000,130.41667000,ASIA,Japan,EAS
Kentucky,Kentucky,GPE,0.00000000,0.00000000,en,1.10000000,4097823-0,6254925,A,38.20042000,-84.87762000,NORTH-AMERICA,United States,ENA
Yamahashi,Yamahashi,GPE,0.00000000,0.90909091,en,1.10000000,,0,,,,,,
the Japan Trench,the Japan Trench,LOC,0.58874459,1.12337662,en,1.10000000,,0,,,,,,
Nichinan Town,Nichinan Town,GPE,0.00000000,0.00000000,en,1.10000000,,0,,,,,,
Lindt,Lindt,GPE,0.00000000,0.00000000,en,1.10000000,4753973-2,2752732,P,51.82750000,4.57361000,EUROPE,The Netherlands,WCE
Sapporo city,Sapporo city,GPE,-0.11983471,0.77479339,en,1.10000000,,0,,,,,,
Sendai City,Sendai City,GPE,-0.54545455,0.90909091,en,1.10000000,,6512998,S,38.26373000,140.88168000,ASIA,Japan,EAS
Nipah,Nipah,GPE,0.54545455,1.36363636,en,1.10000000,,12475324,A,-1.09250000,104.19222000,ASIA,Indonesia,SEA
Hachimantai City,Hachimantai City,GPE,0.00000000,0.00000000,en,1.10000000,,0,,,,,,
Z.ai,Z.ai,GPE,0.00303030,0.87575758,en,1.10000000,,8583108,A,20.72614000,-97.81882000,CENTRAL-AMERICA,Mexico,NCA
India,India,GPE,0.54545455,1.36363636,en,1.10000000,4026722-2,1269750,A,22.00000000,79.00000000,ASIA,India,SAS
Ishigaki Island,Ishigaki Island,LOC,0.00000000,0.00000000,en,1.10000000,,1861417,T,24.40000000,124.20000000,ASIA,Japan,EAS
Kyoto,Kyoto,GPE,0.00000000,0.00000000,en,1.10000000,4073426-2,1857910,P,35.02107000,135.75385000,ASIA,Japan,EAS
the Tokara Islands,the Tokara Islands,LOC,0.21212121,0.84848485,en,1.10000000,,0,,,,,,
Inagi City,Inagi City,GPE,0.36363636,0.72727273,en,1.10000000,,0,,,,,,
Higashidori Village,Higashidori Village,GPE,0.00000000,0.00000000,en,1.10000000,,0,,,,,,
Tomiya City,Tomiya City,GPE,-0.11363636,0.34090909,en,1.10000000,,0,,,,,,
Brazil,Brazil,GPE,0.01262626,0.76010101,en,1.10000000,4008003-1,3469034,A,-10.00000000,-55.00000000,SOUTH-AMERICA,Brazil,SAM
Nakau,Nakau,GPE,0.00000000,0.00000000,en,1.10000000,,1634569,T,1.58159000,128.69863000,ASIA,Indonesia,SEA
Ubuyama Village,Ubuyama Village,GPE,0.00000000,0.00000000,en,1.10000000,,0,,,,,,
Urumqi,Urumqi,GPE,0.32575758,1.14393939,en,1.10000000,4215400-5,1529102,P,43.80096000,87.60046000,ASIA,China,ECA
Greenland,Greenland,GPE,0.00000000,0.22727273,en,1.10000000,4022113-1,3425505,A,72.00000000,-40.00000000,POLAR,Greenland,GIC
Taketomi Town,Taketomi Town,GPE,0.00000000,0.00000000,en,1.10000000,,6300466,S,24.06667000,123.80000000,ASIA,Japan,EAS
Yonaguni Island,Yonaguni Island,LOC,0.00000000,0.00000000,en,1.10000000,,1848275,T,24.45543000,122.99069000,ASIA,Japan,EAS
Aizuwakamatsu City,Aizuwakamatsu City,GPE,0.27083333,0.54166667,en,1.00000000,,0,,,,,,
Finland,Finland,GPE,0.15000000,0.75000000,en,1.00000000,4017243-0,660013,A,64.00000000,26.00000000,EUROPE,Finland,NEU
Iran,Iran,GPE,-0.06666667,0.16666667,en,1.00000000,4027653-3,130758,A,32.00000000,53.00000000,ASIA,Iran,WCA
Tsuruga,Tsuruga,GPE,-0.07142857,0.14285714,en,1.00000000,4309642-6,1849592,P,35.65300000,136.06331000,ASIA,Japan,EAS
Asia,Asia,LOC,0.06250000,0.50000000,en,1.00000000,,0,,,,,,
the Middle East,the Middle East,LOC,-0.06666667,0.16666667,en,1.00000000,,12217091,L,35.80000000,-86.50000000,NORTH-AMERICA,United States,ENA
Kawasaki City’s,Kawasaki City’s,GPE,-0.03333333,0.23333333,en,1.00000000,,0,,,,,,
Siberia,Siberia,LOC,0.00000000,0.00000000,en,1.00000000,4286755-1,11961345,L,55.01565000,82.96276000,ASIA,Russia,WSB
Nishinomiya City,Nishinomiya City,GPE,0.08000000,0.27000000,en,1.00000000,,1855206,P,36.75561000,137.23107000,ASIA,Japan,EAS
Naruohama,Naruohama,GPE,0.08000000,0.27000000,en,1.00000000,,9289953,P,34.69583000,135.36195000,ASIA,Japan,EAS
Mikawa,Mikawa,LOC,0.16666667,0.33333333,en,1.00000000,,1857285,A,34.20000000,132.00000000,ASIA,Japan,EAS
Itami City,Itami City,GPE,0.00000000,0.00000000,en,1.00000000,,0,,,,,,
M7.6,M7.6,GPE,0.00000000,0.00000000,en,1.00000000,,0,,,,,,
Yamabashi Yakuhin,Yamabashi Yakuhin,GPE,0.00000000,1.00000000,en,1.00000000,,0,,,,,,
Wakkanai City,Wakkanai City,GPE,0.00000000,0.30000000,en,1.00000000,,2127514,H,45.41160000,141.69276000,ASIA,Japan,RFE
Yayoiken,Yayoiken,GPE,0.13692505,0.40768398,en,1.00000000,,0,,,,,,
Italia,Italia,GPE,0.00000000,0.00000000,en,1.00000000,4027833-5,3175395,A,42.83333000,12.83333000,EUROPE-AFRICA,Italy,MED
Anan City,Anan City,GPE,0.00000000,0.25000000,en,1.00000000,,5844369,H,56.18250000,-131.88917000,NORTH-AMERICA,United States,NWN
Ukyo,Ukyo,GPE,-0.26666667,0.51666667,en,1.00000000,,7303471,P,35.01481000,135.67755000,ASIA,Japan,EAS
Typhoon Nocaen,Typhoon Nocaen,LOC,0.00000000,0.00000000,en,1.00000000,,0,,,,,,
BINDing,BINDing,GPE,0.42759740,0.64199134,en,1.00000000,,8837508,H,-26.78929000,115.72670000,OCEANIA,Australia,CAU
Tokushima Prefecture,Tokushima Prefecture,GPE,0.00000000,0.25000000,en,1.00000000,4338563-1,1850158,P,34.06667000,134.56667000,ASIA,Japan,EAS
Xiaomi Japan's,Xiaomi Japan's,GPE,0.00568182,0.41477273,en,1.00000000,,0,,,,,,
Fukushima District 1,Fukushima District 1,LOC,0.05555556,0.21111111,en,1.00000000,,0,,,,,,
Okuma Town,Okuma Town,GPE,0.27083333,0.54166667,en,1.00000000,,0,,,,,,
Nishinomiya City Land,Nishinomiya City Land,GPE,0.20000000,0.56250000,en,1.00000000,,0,,,,,,
Yamabashi Yakuho,Yamabashi Yakuho,GPE,0.00000000,0.00000000,en,1.00000000,,0,,,,,,
the Mikawa Earthquake,the Mikawa Earthquake,LOC,-0.18333333,0.46666667,en,1.00000000,,0,,,,,,
Mallorca,Mallorca,GPE,0.00000000,0.00000000,en,1.00000000,4115833-7,2512989,P,39.56939000,2.65024000,EUROPE-AFRICA,Spain,MED
Tokoname City,Tokoname City,GPE,-0.06250000,0.18750000,en,1.00000000,,0,,,,,,
Todoroki Green Park,Todoroki Green Park,GPE,-0.10000000,0.15000000,en,1.00000000,,0,,,,,,
New erotic,New erotic,GPE,0.42759740,0.64199134,en,1.00000000,,0,,,,,,
Winter BPC,Winter BPC,GPE,0.00000000,0.00000000,en,1.00000000,,0,,,,,,
BPC,BPC,LOC,0.00000000,0.00000000,en,1.00000000,4382384-1,2234974,P,5.95970000,10.14597000,AFRICA,Cameroon,WAF
Uchibo,Uchibo,GPE,0.00000000,0.41666667,en,1.00000000,,0,,,,,,
NHK BS,NHK BS,GPE,0.02500000,0.25000000,en,1.00000000,,0,,,,,,
Nakahara,Nakahara,GPE,0.14384470,0.40066288,en,1.00000000,4117760-5,8572836,P,35.66809000,139.57044000,ASIA,Japan,EAS
Tamagawa Ryokuchi Park Ground,Tamagawa Ryokuchi Park Ground,GPE,0.14384470,0.40066288,en,1.00000000,,0,,,,,,
the Komae City,the Komae City,GPE,0.14384470,0.40066288,en,1.00000000,,0,,,,,,
Shinjuku,Shinjuku,GPE,0.00000000,0.00000000,en,1.00000000,4353744-3,1852083,A,35.69384000,139.70355000,ASIA,Japan,EAS
Ishikawa Noto,Ishikawa Noto,GPE,0.00000000,0.00000000,en,1.00000000,,7668415,S,37.29310000,136.96201000,ASIA,Japan,EAS
IfCv,IfCv,LOC,0.06000000,0.58000000,en,1.00000000,,0,,,,,,
Bangkok,Bangkok,GPE,0.00000000,0.00000000,en,1.00000000,4004432-4,1609350,P,13.75398000,100.50144000,ASIA,Thailand,SEA
Hinamatsuri,Hinamatsuri,GPE,-0.20000000,0.75000000,en,1.00000000,,0,,,,,,
Kurobasu,Kurobasu,GPE,0.00000000,0.37500000,en,1.00000000,,0,,,,,,
Reborn,Reborn,LOC,0.00000000,0.37500000,en,1.00000000,4568147-8,2849386,P,49.73333000,7.68333000,EUROPE,Germany,WCE
A79-L1,A79-L1,GPE,0.00000000,0.00000000,en,1.00000000,,0,,,,,,
the Caroline Islands,the Caroline Islands,GPE,0.06250000,0.23750000,en,1.00000000,,2082300,L,7.20990000,147.94189000,PACIFIC,Micronesia,EPO
Tenipuri,Tenipuri,GPE,0.00000000,0.37500000,en,1.00000000,,0,,,,,,
Seiya,Seiya,GPE,0.00000000,0.37500000,en,1.00000000,,5080164,A,40.17629000,-97.59492000,NORTH-AMERICA,United States,CNA
Tsumagoi Village,Tsumagoi Village,GPE,0.13636364,0.45454545,en,1.00000000,,0,,,,,,
South Sulawesi,South Sulawesi,GPE,0.05000000,0.70000000,en,1.00000000,,9062340,T,-2.13154000,120.28888000,ASIA,Indonesia,SEA
North London,North London,GPE,-0.12500000,0.37500000,en,1.00000000,4433162-9,4839416,P,41.35565000,-72.09952000,NORTH-AMERICA,United States,ENA
Calbee,Calbee,GPE,0.00000000,0.00000000,en,1.00000000,,0,,,,,,
Lotte,Lotte,GPE,0.00000000,0.00000000,en,1.00000000,4411253-1,6800091,L,37.51110000,127.09800000,ASIA,South Korea,EAS
Midori City,Midori City,GPE,0.13636364,0.45454545,en,1.00000000,,7354050,A,35.07804000,136.96987000,ASIA,Japan,EAS
Omama,Omama,GPE,0.13636364,0.45454545,en,1.00000000,,1854175,A,36.46667000,139.28333000,ASIA,Japan,EAS
Kanto Region,Kanto Region,GPE,-0.06250000,0.18750000,en,1.00000000,,1860102,L,36.25000000,139.50000000,ASIA,Japan,EAS
Europe,Europe,LOC,0.00000000,0.00000000,en,1.00000000,,0,L,50.28762000,15.19030000,,,
Urayasu City,Urayasu City,GPE,-0.06250000,0.18750000,en,1.00000000,,0,,,,,,
Nisshin City,Nisshin City,GPE,-0.06250000,0.18750000,en,1.00000000,,0,,,,,,
BuriKaigi,BuriKaigi,GPE,0.00000000,0.00000000,en,1.00000000,,0,,,,,,
Chichibu,Chichibu,GPE,-0.41250000,0.52083333,en,1.00000000,4655260-1,1864637,P,35.99028000,139.07639000,ASIA,Japan,EAS
Ritto City,Ritto City,GPE,-0.06250000,0.18750000,en,1.00000000,,0,,,,,,
Chichibu City,Chichibu City,GPE,0.00000000,0.00000000,en,1.00000000,,0,,,,,,
Kusatsu City,Kusatsu City,GPE,-0.06250000,0.18750000,en,1.00000000,,7562217,S,34.37810000,132.39847000,ASIA,Japan,EAS
Nonoichi City Shiga Prefecture,Nonoichi City Shiga Prefecture,GPE,-0.06250000,0.18750000,en,1.00000000,,0,,,,,,
Takahama City Gifu Prefecture,Takahama City Gifu Prefecture,GPE,-0.06250000,0.18750000,en,1.00000000,,0,,,,,,
Tokai City,Tokai City,GPE,-0.06250000,0.18750000,en,1.00000000,,3360456,P,-34.06667000,18.43333000,AFRICA,South Africa,WSAF
Noborito,Noborito,GPE,0.00000000,0.00000000,en,1.00000000,,8576625,P,35.62203000,139.56051000,ASIA,Japan,EAS
Chiryu City,Chiryu City,GPE,-0.06250000,0.18750000,en,1.00000000,,0,,,,,,
Obu City,Obu City,GPE,-0.06250000,0.18750000,en,1.00000000,,6577388,P,37.31306000,127.26500000,ASIA,South Korea,EAS
Kariya City,Kariya City,GPE,-0.06250000,0.18750000,en,1.00000000,,0,,,,,,
Kisarazu City,Kisarazu City,GPE,-0.06250000,0.18750000,en,1.00000000,,0,,,,,,
Anjo City,Anjo City,GPE,-0.06250000,0.18750000,en,1.00000000,16094372-3,1846912,P,37.01083000,127.27028000,ASIA,South Korea,EAS
Nagakute City,Nagakute City,GPE,-0.06250000,0.18750000,en,1.00000000,,0,,,,,,
the Kanto plains,the Kanto plains,LOC,-0.26666667,0.50000000,en,1.00000000,,0,,,,,,
Tokai Region,Tokai Region,GPE,-0.06250000,0.18750000,en,1.00000000,,1850221,L,35.00000000,137.50000000,ASIA,Japan,EAS
Shiki City,Shiki City,GPE,-0.06250000,0.18750000,en,1.00000000,,0,,,,,,
Fujimino City Yoshikawa City,Fujimino City Yoshikawa City,GPE,-0.06250000,0.18750000,en,1.00000000,,0,,,,,,
Misato City,Misato City,GPE,-0.06250000,0.18750000,en,1.00000000,,1856987,A,35.83221000,139.87185000,ASIA,Japan,EAS
Toda City,Toda City,GPE,-0.06250000,0.18750000,en,1.00000000,,5048555,P,46.35552000,-94.79224000,NORTH-AMERICA,United States,CNA
Kawaguchi City,Kawaguchi City,GPE,-0.06250000,0.18750000,en,1.00000000,,1850104,P,34.68111000,135.47983000,ASIA,Japan,EAS
Saitama City,Saitama City,GPE,-0.06250000,0.18750000,en,1.00000000,,1856987,A,35.83221000,139.87185000,ASIA,Japan,EAS
Inzai City,Inzai City,GPE,-0.06250000,0.18750000,en,1.00000000,,0,,,,,,
Kota,Kota,LOC,0.35000000,0.55000000,en,1.00000000,4029924-7,289688,A,25.50000000,51.25000000,ASIA,Qatar,ARP
Seta,Seta,GPE,0.00000000,0.00000000,en,1.00000000,,2974733,P,43.40280000,3.69278000,EUROPE-AFRICA,France,MED
SXSW,SXSW,GPE,0.32500000,0.37083333,en,1.00000000,,0,,,,,,
KADOKAWA,KADOKAWA,GPE,0.00000000,0.00000000,en,1.00000000,,7573216,S,32.50792000,131.64065000,ASIA,Japan,EAS
Chikugo City,Chikugo City,GPE,0.36666667,0.50000000,en,1.00000000,,0,,,,,,
Alabama,Alabama,GPE,0.00000000,0.00000000,en,1.00000000,4084839-5,12217076,L,34.60739000,-86.97977000,NORTH-AMERICA,United States,ENA
Austria,Austria,GPE,0.00277778,0.54166667,en,1.00000000,4043271-3,2782113,A,47.33333000,13.33333000,EUROPE,Austria,WCE
Vienna,Vienna,GPE,0.14444444,0.55555556,en,1.00000000,4066009-6,2761369,P,48.20849000,16.37208000,EUROPE,Austria,WCE
Towada,Towada,GPE,-0.34166667,0.55833333,en,1.00000000,4254766-0,2127678,H,40.46722000,140.88556000,ASIA,Japan,EAS
the Joetsu plains,the Joetsu plains,LOC,-0.11000000,0.51500000,en,1.00000000,,0,,,,,,
Boston,Boston,GPE,-0.10227273,0.39242424,en,1.00000000,4007840-1,4930956,P,42.35843000,-71.05977000,NORTH-AMERICA,United States,ENA
Minamiboso,Minamiboso,LOC,0.00000000,0.00000000,en,1.00000000,,7465521,A,35.03657000,139.92847000,ASIA,Japan,EAS
Koyabuchi,Koyabuchi,GPE,0.04000000,0.33333333,en,1.00000000,,0,,,,,,
Minamiboso City,Minamiboso City,GPE,0.00000000,0.00000000,en,1.00000000,,0,,,,,,
Tateyama City,Tateyama City,GPE,0.00000000,0.00000000,en,1.00000000,,7549391,S,38.30167000,140.37065000,ASIA,Japan,EAS
Peroponeso,Peroponeso,GPE,0.00000000,0.00000000,en,1.00000000,,0,,,,,,
Okushiri,Okushiri,GPE,0.35714286,0.57142857,en,1.00000000,,6300341,S,42.07167000,139.43291000,ASIA,Japan,EAS
Tochigi Prefecture,Tochigi Prefecture,GPE,-0.01250000,0.03750000,en,1.00000000,4370926-6,1849053,P,36.56667000,139.88333000,ASIA,Japan,EAS
Eastern Tama Earthquake,Eastern Tama Earthquake,LOC,-0.01250000,0.03750000,en,1.00000000,,0,,,,,,
the Nansei Islands,the Nansei Islands,LOC,-0.12500000,0.62500000,en,1.00000000,,0,,,,,,
-2.1,-2.1,LOC,-0.01969697,0.41969697,en,1.00000000,4040185-6,2992166,P,43.61093000,3.87635000,EUROPE-AFRICA,France,MED
Fukuoka City,Fukuoka City,GPE,0.00000000,0.40000000,en,1.00000000,4125989-0,1863967,P,33.60000000,130.41667000,ASIA,Japan,EAS
Wakkanai,Wakkanai,GPE,0.35714286,0.57142857,en,1.00000000,,2127515,P,45.40944000,141.67389000,ASIA,Japan,RFE
Semboku City,Semboku City,GPE,0.00000000,0.00000000,en,1.00000000,,0,,,,,,
Savannah,Savannah,GPE,0.12500000,0.42500000,en,1.00000000,,12105074,A,9.15000000,-1.60000000,AFRICA,Ghana,WAF
Northern Japan,Northern Japan,LOC,0.16666667,0.33333333,en,1.00000000,,6015186,H,50.45000000,-67.47556000,NORTH-AMERICA,Canada,NEN
Kanto region,Kanto region,LOC,-0.20000000,0.66666667,en,1.00000000,,1860102,L,36.25000000,139.50000000,ASIA,Japan,EAS
Kagonma Market,Kagonma Market,GPE,0.13636364,0.45454545,en,1.00000000,,0,,,,,,
the Soviet Union,the Soviet Union,GPE,-0.00000000,0.15000000,en,1.00000000,,4138541,S,38.90344000,-77.03942000,NORTH-AMERICA,United States,ENA
"​​1,244,500 hectares","​​1,244,500 hectares",LOC,0.00000000,0.00000000,en,1.00000000,,0,,,,,,
Kamie,Kamie,GPE,-0.13125000,0.47500000,en,1.00000000,,0,,,,,,
Kaminohino,Kaminohino,GPE,0.00000000,0.00000000,en,1.00000000,,0,,,,,,
Tamagawa,Tamagawa,GPE,0.00000000,0.00000000,en,1.00000000,,12030598,L,35.54503000,139.73544000,ASIA,Japan,EAS
Sweden,Sweden,GPE,0.00000000,0.00000000,en,1.00000000,4077258-5,2661886,A,62.00000000,15.00000000,EUROPE,Sweden,NEU
Sukayu,Sukayu,GPE,0.08214286,0.40714286,en,1.00000000,,8549305,H,40.65027000,140.85160000,ASIA,Japan,EAS
Hijiori,Hijiori,GPE,0.08214286,0.40714286,en,1.00000000,,0,,,,,,
the Sea of ​​Okhotsk side,the Sea of ​​Okhotsk side,LOC,0.00000000,1.00000000,en,1.00000000,,0,,,,,,
Chugoku-Shikoku,Chugoku-Shikoku,GPE,0.15000000,0.65000000,en,1.00000000,,0,,,,,,
Inada Embankment,Inada Embankment,LOC,0.10892857,0.49642857,en,1.00000000,,0,,,,,,
Tsumagoi,Tsumagoi,GPE,0.00000000,0.50000000,en,1.00000000,4379448-8,1864839,T,36.54260000,138.41547000,ASIA,Japan,EAS
Tottori City,Tottori City,GPE,-0.12500000,0.37500000,en,1.00000000,,0,,,,,,
Taiga,Taiga,GPE,0.00000000,0.00000000,en,1.00000000,,1515021,T,50.75000000,98.50000000,ASIA,Mongolia,ESB
the Kuji Kasumi Embankment,the Kuji Kasumi Embankment,LOC,0.10892857,0.49642857,en,1.00000000,,0,,,,,,
the Hirase River,the Hirase River,LOC,0.10892857,0.49642857,en,1.00000000,,0,,,,,,
`Kingdom of Citago'',`Kingdom of Citago'',GPE,-0.06250000,0.50000000,en,1.00000000,,0,,,,,,
sunny Pacific,sunny Pacific,LOC,-0.60000000,1.00000000,en,1.00000000,,7315209,P,37.56938000,-118.67584000,NORTH-AMERICA,United States,WNA
Ajiko-san,Ajiko-san,GPE,0.70000000,0.60000000,en,1.00000000,,0,,,,,,
Egypt,Egypt,GPE,0.00000000,0.00000000,en,1.00000000,4000556-2,357994,A,27.00000000,30.00000000,AFRICA,Egypt,SAH
Keiichiro,Keiichiro,GPE,0.40000000,0.37500000,en,1.00000000,,0,,,,,,
Cairo,Cairo,GPE,0.35833333,0.81666667,en,1.00000000,4029236-8,360630,P,30.06263000,31.24967000,EUROPE-AFRICA,Egypt,MED
Mihama City,Mihama City,GPE,0.19318182,0.60227273,en,1.00000000,,0,,,,,,
New City,New City,GPE,0.19318182,0.60227273,en,1.00000000,4042011-5,5128581,P,40.71427000,-74.00597000,NORTH-AMERICA,United States,ENA
Hokuto City,Hokuto City,GPE,0.00000000,0.00000000,en,1.00000000,,0,,,,,,
East-West,East-West,LOC,0.00000000,0.00000000,en,1.00000000,,7839117,H,13.48100000,144.73350000,PACIFIC,Guam,NPO
Fujioka City,Fujioka City,GPE,0.00000000,0.00000000,en,1.00000000,,0,,,,,,
Komatsu,Komatsu,GPE,0.35714286,0.57142857,en,1.00000000,,6300367,S,36.39461000,136.40654000,ASIA,Japan,EAS
Rishiri,Rishiri,GPE,0.35714286,0.57142857,en,1.00000000,,6300342,S,45.24201000,141.18643000,ASIA,Japan,RFE
the Nippon Budokan,the Nippon Budokan,LOC,-0.06666667,0.20000000,en,1.00000000,,0,,,,,,
Detroit,Detroit,GPE,0.11727273,0.38090909,en,1.00000000,4011559-8,4990729,P,42.33143000,-83.04575000,NORTH-AMERICA,United States,ENA
Shinonome-san,Shinonome-san,GPE,0.50000000,0.60000000,en,1.00000000,,0,,,,,,
Mito City,Mito City,GPE,0.25000000,0.50000000,en,1.00000000,,0,,,,,,
Singapore,Singapore,GPE,0.60000000,0.70000000,en,1.00000000,4055089-8,1880252,P,1.28967000,103.85007000,ASIA,Singapore,SEA
Niwasaka,Niwasaka,GPE,0.16666667,0.33333333,en,1.00000000,,2111606,A,37.76667000,140.33333000,ASIA,Japan,EAS
Setagaya Ward,Setagaya Ward,GPE,0.00000000,0.00000000,en,1.00000000,,0,,,,,,
Sedona,Sedona,GPE,-0.08750000,0.18750000,en,1.00000000,4435716-3,5313667,P,34.86974000,-111.76099000,NORTH-AMERICA,United States,WNA
Ebigase,Ebigase,GPE,0.00000000,0.00000000,en,1.00000000,,0,,,,,,
Minneapolis,Minneapolis,GPE,-0.50000000,1.00000000,en,1.00000000,4039497-9,5037649,P,44.97997000,-93.26384000,NORTH-AMERICA,United States,CNA
Mount Vesuvius,Mount Vesuvius,LOC,0.37500000,0.67500000,en,1.00000000,,2727909,T,78.07305000,14.80571000,ARCTIC,Svalbard and Jan Mayen,ARO
New Jersey,New Jersey,GPE,0.06704545,0.56931818,en,1.00000000,4442932-0,5099836,P,40.72816000,-74.07764000,NORTH-AMERICA,United States,ENA
Red Bank,Red Bank,GPE,0.06704545,0.56931818,en,1.00000000,,4652341,P,35.11229000,-85.29413000,NORTH-AMERICA,United States,ENA
M1E3,M1E3,GPE,0.36111111,0.57777778,en,1.00000000,,0,,,,,,
Hikone City (,Hikone City (,GPE,0.01500000,0.47500000,en,1.00000000,,0,,,,,,
Palm Jumeirah,Palm Jumeirah,GPE,0.50000000,1.00000000,en,1.00000000,,6691113,P,25.11607000,55.13506000,ASIA,United Arab Emirates,ARP
Morioka,Morioka,GPE,0.00000000,0.00000000,en,1.00000000,4323908-0,2111834,P,39.70000000,141.15000000,ASIA,Japan,EAS
TEPCO,TEPCO,GPE,0.00000000,0.00000000,en,1.00000000,,8616489,P,-32.16644000,140.79521000,OCEANIA,Australia,SAU
Mala Tang,Mala Tang,GPE,0.21000000,0.33166667,en,1.00000000,,6927307,L,28.99440000,54.00830000,ASIA,Iran,WCA
Shinosuke,Shinosuke,GPE,0.10000000,0.40000000,en,1.00000000,,0,,,,,,
Nikaryo-Kamikawara Weir River,Nikaryo-Kamikawara Weir River,LOC,0.00000000,0.00000000,en,1.00000000,,0,,,,,,
Sichuan,Sichuan,GPE,0.21000000,0.33166667,en,1.00000000,4249575-1,1815286,P,30.66667000,104.06667000,ASIA,China,EAS
the Ash Tribe,the Ash Tribe,LOC,0.00000000,0.00000000,en,1.00000000,,0,,,,,,
Varan,Varan,GPE,-0.25000000,0.66666667,en,1.00000000,,36213,P,32.73830000,48.21330000,ASIA,Iran,WCA
Tendo City,Tendo City,GPE,-0.17142857,0.63214286,en,1.00000000,,0,,,,,,
Gotanda River,Gotanda River,LOC,0.00000000,0.00000000,en,1.00000000,,0,,,,,,
Shinonome,Shinonome,GPE,0.00000000,0.06666667,en,1.00000000,,11713186,H,43.26841000,143.13769000,ASIA,Japan,EAS
Rekiken,Rekiken,GPE,0.00000000,0.06666667,en,1.00000000,,0,,,,,,
Toyama Prefecture,Toyama Prefecture,GPE,0.00000000,1.00000000,en,1.00000000,,1849876,P,36.70000000,137.21667000,ASIA,Japan,EAS
Sankei,Sankei,GPE,0.00000000,0.00000000,en,1.00000000,,2130349,T,43.66667000,142.66667000,ASIA,Japan,EAS
Kanazawa City,Kanazawa City,GPE,0.08750000,0.68750000,en,1.00000000,,1860243,P,36.60000000,136.61667000,ASIA,Japan,EAS
West Bengal,West Bengal,GPE,0.00000000,0.40000000,en,1.00000000,4029344-0,1275004,P,22.56263000,88.36304000,ASIA,India,SAS
UK,UK,GPE,-0.30000000,0.50000000,en,1.00000000,4022153-2,2635167,A,54.75844000,-2.69531000,EUROPE,United Kingdom,NEU
Sugito,Sugito,GPE,0.05000000,0.14444444,en,1.00000000,,1851504,P,36.03107000,139.72636000,ASIA,Japan,EAS
Nakano,Nakano,GPE,0.15833333,0.54166667,en,1.00000000,,8715035,P,35.70449000,139.66946000,ASIA,Japan,EAS
the Great North region,the Great North region,LOC,0.15833333,0.54166667,en,1.00000000,,12212304,L,44.57143000,-84.69022000,NORTH-AMERICA,United States,ENA
Nagano Prefecture,Nagano Prefecture,LOC,-0.10000000,0.25000000,en,1.00000000,,1856215,P,36.65000000,138.18333000,ASIA,Japan,EAS
Kesennuma,Kesennuma,GPE,0.35000000,0.42500000,en,1.00000000,,2112263,P,38.90112000,141.57746000,ASIA,Japan,EAS
Gifu Full,Gifu Full,GPE,0.35000000,0.55000000,en,1.00000000,,0,,,,,,
Gifu Prefecture,Gifu Prefecture,GPE,0.20476190,0.45952381,en,1.00000000,4331104-0,1863641,P,35.42291000,136.76039000,ASIA,Japan,EAS
Yuya,Yuya,GPE,0.00000000,0.00000000,en,1.00000000,,0,,,,,,
Cordoba,Cordoba,GPE,-0.01250000,0.38750000,en,1.00000000,4213162-5,3860259,P,-31.40648000,-64.18853000,SOUTH-AMERICA,Argentina,SES
Akita City,Akita City,GPE,0.25000000,0.85000000,en,1.00000000,,10229614,S,39.71965000,140.11349000,ASIA,Japan,EAS
the JR Joetsu Line,the JR Joetsu Line,LOC,0.25000000,0.85000000,en,1.00000000,,0,,,,,,
Barcelona,Barcelona,GPE,0.05000000,0.20000000,en,1.00000000,4004503-1,3128760,P,41.38879000,2.15899000,EUROPE-AFRICA,Spain,MED
Jelida,Jelida,GPE,0.05000000,0.20000000,en,1.00000000,,2472175,H,32.88333000,10.96667000,EUROPE-AFRICA,Tunisia,MED
Michon,Michon,GPE,0.00000000,0.00000000,en,1.00000000,,6053874,L,50.22514000,-62.02823000,NORTH-AMERICA,Canada,NEN
​​southeastern Australia,​​southeastern Australia,LOC,0.00000000,0.40000000,en,1.00000000,,0,,,,,,
Yomiuri,Yomiuri,GPE,0.00000000,0.00000000,en,1.00000000,,7551996,S,35.63296000,139.51720000,ASIA,Japan,EAS
Hakata,Hakata,GPE,0.40000000,0.40000000,en,1.00000000,4125989-0,1863967,P,33.60000000,130.41667000,ASIA,Japan,EAS
Hakone,Hakone,GPE,-0.04687500,0.50000000,en,1.00000000,4140643-6,1863354,T,35.23333000,139.03333000,ASIA,Japan,EAS
Numata Town,Numata Town,GPE,0.00000000,0.00000000,en,1.00000000,,0,,,,,,
Sasayama,Sasayama,GPE,0.00000000,0.00000000,en,1.00000000,,1852901,P,35.06667000,135.21667000,ASIA,Japan,EAS
Roman city,Roman city,GPE,-0.50000000,0.50000000,en,1.00000000,,4908465,S,41.85920000,-87.66783000,NORTH-AMERICA,United States,ENA
Jochu,Jochu,GPE,0.50000000,0.50000000,en,1.00000000,,0,,,,,,
Aisapo Omama,Aisapo Omama,GPE,0.00000000,0.50000000,en,1.00000000,,0,,,,,,
Aomori - Earthquake,Aomori - Earthquake,GPE,-0.05833333,0.35833333,en,1.00000000,,0,,,,,,
Imabetsu Town,Imabetsu Town,GPE,0.00000000,0.00000000,en,1.00000000,,0,,,,,,
Ta City,Ta City,GPE,0.00000000,0.00000000,en,1.00000000,4118295-9,5780993,P,40.76078000,-111.89105000,NORTH-AMERICA,United States,WNA
Towa,Towa,GPE,0.00000000,0.00000000,en,1.00000000,,1849885,A,33.21667000,132.88333000,ASIA,Japan,EAS
Shiranai Town,Shiranai Town,GPE,0.00000000,0.00000000,en,1.00000000,,0,,,,,,
Ikakuya,Ikakuya,GPE,0.00000000,0.12500000,en,1.00000000,,0,,,,,,
Teikoku,Teikoku,GPE,0.54166667,0.70833333,en,1.00000000,,6695390,S,35.67670000,139.76064000,ASIA,Japan,EAS
NTT East's,NTT East's,LOC,-0.12166667,0.50500000,en,1.00000000,,0,,,,,,
Kawaragi,Kawaragi,GPE,0.05833333,0.32500000,en,1.00000000,,8311687,P,40.53991000,141.46497000,ASIA,Japan,EAS
Towada City,Towada City,GPE,0.00000000,0.00000000,en,1.00000000,,0,,,,,,
Shinhidaka Town,Shinhidaka Town,GPE,0.00000000,0.00000000,en,1.00000000,,0,,,,,,
Abira Town,Abira Town,GPE,0.00000000,0.00000000,en,1.00000000,,11101915,A,2.52051000,30.90052000,AFRICA,Uganda,NEAF
Shinshinotsu Village,Shinshinotsu Village,GPE,0.00000000,0.00000000,en,1.00000000,,0,,,,,,
Ishinomaki City,Ishinomaki City,GPE,0.38000000,0.53000000,en,1.00000000,,0,,,,,,
Kitami City,Kitami City,GPE,-0.04500000,0.30000000,en,1.00000000,,0,,,,,,
Yuudachi,Yuudachi,GPE,0.00000000,0.00000000,en,1.00000000,,0,,,,,,
Shichinohe,Shichinohe,GPE,0.00000000,0.00000000,en,1.00000000,,2128194,P,40.69111000,141.15472000,ASIA,Japan,EAS
Sichuan province,Sichuan province,GPE,0.03125000,0.25000000,en,1.00000000,4249575-1,1815286,P,30.66667000,104.06667000,ASIA,China,EAS
South America,South America,LOC,0.16666667,0.50000000,en,1.00000000,,0,,,,,,
North America,North America,LOC,0.16666667,0.50000000,en,1.00000000,,0,,,,,,
The Sea,The Sea,LOC,-0.30000000,0.75000000,en,1.00000000,4051667-2,3448439,P,-23.54750000,-46.63611000,SOUTH-AMERICA,Brazil,SES
Nomi City,Nomi City,GPE,0.00000000,0.00000000,en,1.00000000,,7288988,S,41.89757000,-87.62111000,NORTH-AMERICA,United States,ENA
the Sanriku coastline,the Sanriku coastline,LOC,0.52500000,0.54166667,en,1.00000000,,0,,,,,,
Aomori Prefecture Earthquake,Aomori Prefecture Earthquake,LOC,0.00000000,0.50000000,en,1.00000000,,0,,,,,,
Namie Town,Namie Town,GPE,-0.10000000,0.10000000,en,1.00000000,,0,,,,,,
Cold,Cold,LOC,-0.30000000,1.00000000,en,1.00000000,,5925024,P,54.46525000,-110.18154000,NORTH-AMERICA,Canada,NWN
️Hirosaki,️Hirosaki,GPE,0.43333333,0.73333333,en,1.00000000,4384812-6,2130057,P,40.59306000,140.47250000,ASIA,Japan,EAS
Kamaishi,Kamaishi,GPE,0.00000000,0.00000000,en,1.00000000,,2112444,P,39.27694000,141.86801000,ASIA,Japan,EAS
Hakodate,Hakodate,GPE,-0.10000000,0.40000000,en,1.00000000,4481747-2,2130188,P,41.77583000,140.73667000,ASIA,Japan,EAS
Noda Village,Noda Village,GPE,-0.30000000,0.40000000,en,1.00000000,,0,,,,,,
Iburi,Iburi,GPE,0.00000000,0.12500000,en,1.00000000,,2129966,A,42.66125000,141.46653000,ASIA,Japan,EAS
Nakadomari Town,Nakadomari Town,GPE,0.00000000,0.00000000,en,1.00000000,,1893547,P,26.34624000,126.74833000,ASIA,Japan,EAS
Iwate Prefecture Ichi…,Iwate Prefecture Ichi…,GPE,0.00000000,0.00000000,en,1.00000000,,0,,,,,,
Ofunato,Ofunato,GPE,0.00000000,0.00000000,en,1.00000000,,2111530,P,39.07167000,141.71667000,ASIA,Japan,EAS
kogi_musu,kogi_musu,GPE,0.00000000,0.00000000,en,1.00000000,,0,,,,,,
Hachimachi,Hachimachi,GPE,0.00000000,0.00000000,en,1.00000000,,0,,,,,,
Bunka-kun,Bunka-kun,GPE,0.00000000,0.00000000,en,1.00000000,,5858234,H,61.06271000,-151.17646000,NORTH-AMERICA,United States,NWN
Nemuro Peninsula,Nemuro Peninsula,GPE,0.00000000,0.00000000,en,1.00000000,,2128973,T,43.35056000,145.66028000,ASIA,Japan,EAS
Chicago,Chicago,GPE,0.00000000,0.00000000,en,1.00000000,4009921-0,4887398,P,41.85003000,-87.65005000,NORTH-AMERICA,United States,ENA
Dresden,Dresden,GPE,0.10238095,0.65714286,en,1.00000000,4012995-0,2935022,P,51.05089000,13.73832000,EUROPE,Germany,WCE
@GermanyinJapan,@GermanyinJapan,GPE,0.16666667,0.45833333,en,1.00000000,,0,,,,,,
Konakano,Konakano,GPE,-0.40000000,0.60000000,en,1.00000000,,8477062,P,40.77911000,140.39774000,ASIA,Japan,EAS
Honhachinohe,Honhachinohe,GPE,-0.40000000,0.60000000,en,1.00000000,,2130202,S,40.51637000,141.48899000,ASIA,Japan,EAS
Kuji,Kuji,GPE,0.00000000,0.36250000,en,1.00000000,,1842388,T,37.63722000,125.68139000,ASIA,South Korea,EAS
Budapest,Budapest,GPE,0.20000000,0.20000000,en,1.00000000,4008684-7,3054643,P,47.49835000,19.04045000,EUROPE,Hungary,WCE
GNSS,GNSS,GPE,0.13142857,0.30428571,en,1.00000000,,0,,,,,,
Negaimas,Negaimas,GPE,0.00000000,0.00000000,en,1.00000000,,0,,,,,,
Tsurumi Ward,Tsurumi Ward,GPE,0.16666667,0.33333333,en,1.00000000,,0,,,,,,
Funabashi,Funabashi,GPE,0.00000000,0.00000000,en,1.00000000,10028553-3,1863905,P,35.70129000,139.98648000,ASIA,Japan,EAS
Yakumo,Yakumo,GPE,0.21250000,0.33173077,en,1.00000000,,2127478,P,42.25389000,140.26917000,ASIA,Japan,EAS
Miyagi,Miyagi,GPE,0.00000000,0.00000000,en,1.00000000,4118584-5,2111149,P,38.26667000,140.86667000,ASIA,Japan,EAS
Setsu,Setsu,GPE,0.21250000,0.33173077,en,1.00000000,,1855655,T,31.48333000,130.51667000,ASIA,Japan,EAS
Katingan Regency,Katingan Regency,GPE,-0.03333333,0.42500000,en,1.00000000,,1640948,A,-1.68333000,113.21667000,ASIA,Indonesia,SEA
Hokkaido Kanto,Hokkaido Kanto,GPE,0.17500000,0.50000000,en,1.00000000,,0,,,,,,
the Aomori Prefecture Eastern Offshore Earthquake,the Aomori Prefecture Eastern Offshore Earthquake,LOC,-0.00416667,0.39583333,en,1.00000000,,0,,,,,,
Hakui City,Hakui City,GPE,0.00000000,0.00000000,en,1.00000000,,0,,,,,,
Shiga Town,Shiga Town,GPE,0.00000000,0.00000000,en,1.00000000,,0,,,,,,
Noto,Noto,LOC,0.00000000,0.00000000,en,1.00000000,4117928-6,1854947,T,37.11667000,137.00000000,ASIA,Japan,EAS
Iwanuma City,Iwanuma City,GPE,0.02250000,0.39000000,en,1.00000000,,0,,,,,,
Oarai Town,Oarai Town,GPE,0.14000000,0.62000000,en,1.00000000,,2111567,P,36.31409000,140.58389000,ASIA,Japan,EAS
Narita City,Narita City,GPE,0.00000000,0.00000000,en,1.00000000,,10113713,S,35.77759000,140.31124000,ASIA,Japan,EAS
the JR East Mito Branch,the JR East Mito Branch,LOC,0.07500000,0.52500000,en,1.00000000,,0,,,,,,
eastern Kanagawa Prefecture,eastern Kanagawa Prefecture,LOC,0.00000000,0.00000000,en,1.00000000,4192186-0,1848354,P,35.43333000,139.65000000,ASIA,Japan,EAS
Mutsu City Library,Mutsu City Library,GPE,0.00000000,0.00000000,en,1.00000000,,0,,,,,,
Satoful,Satoful,GPE,0.00000000,0.00000000,en,1.00000000,,0,,,,,,
Ishikari,Ishikari,GPE,0.00000000,0.12500000,en,1.00000000,,2129909,P,43.23972000,141.35389000,ASIA,Japan,EAS
Makomai Nishikou,Makomai Nishikou,GPE,0.00000000,0.00000000,en,1.00000000,,0,,,,,,
Joetsu Plains 10cm,Joetsu Plains 10cm,LOC,0.00000000,0.00000000,en,1.00000000,,0,,,,,,
Ehime Prefecture,Ehime Prefecture,LOC,0.00000000,0.08333333,en,1.00000000,1051947-6,1926099,P,33.83916000,132.76574000,ASIA,Japan,EAS
Otomi,Otomi,GPE,0.00000000,0.00000000,en,1.00000000,,9091865,P,42.39329000,142.37729000,ASIA,Japan,EAS
the Saigoku region,the Saigoku region,LOC,0.66666667,1.00000000,en,1.00000000,,0,,,,,,
Kyoto City,Kyoto City,GPE,0.35000000,0.49444444,en,1.00000000,,10338199,S,35.03088000,135.75143000,ASIA,Japan,EAS
Aso city,Aso city,GPE,0.50000000,0.50000000,en,1.00000000,,10316881,P,33.89265000,130.82716000,ASIA,Japan,EAS
Malaysia,Malaysia,GPE,0.00000000,0.25000000,en,1.00000000,4037203-0,1733045,A,2.50000000,112.50000000,ASIA,Malaysia,SEA
Sarawak,Sarawak,GPE,0.00000000,0.25000000,en,1.00000000,4051682-9,1733038,A,2.50000000,113.50000000,ASIA,Malaysia,SEA
Kumamoto/Aso,Kumamoto/Aso,GPE,0.00000000,0.00000000,en,1.00000000,,6300354,S,32.83732000,130.85505000,ASIA,Japan,EAS
Aso region,Aso region,GPE,0.00000000,0.00000000,en,1.00000000,4622232-7,3172928,P,43.05276000,13.75518000,EUROPE-AFRICA,Italy,MED
Yatsushiro City,Yatsushiro City,GPE,0.02708333,0.30833333,en,1.00000000,,0,,,,,,
Aso caldera,Aso caldera,LOC,0.02708333,0.30833333,en,1.00000000,,0,,,,,,
The Kumamoto Earthquake,The Kumamoto Earthquake,LOC,0.00000000,0.00000000,en,1.00000000,,0,,,,,,
Ashikita,Ashikita,GPE,0.00000000,0.08333333,en,1.00000000,1281457345,7412705,A,32.28998000,130.52863000,ASIA,Japan,EAS
Chikugo,Chikugo,GPE,0.00000000,0.08333333,en,1.00000000,144543-1,1864592,H,33.14063000,130.35586000,ASIA,Japan,EAS
Chikuho,Chikuho,GPE,0.00000000,0.08333333,en,1.00000000,4378661-3,1864589,L,33.66667000,130.75000000,ASIA,Japan,EAS
Nanyo,Nanyo,GPE,0.00000000,0.08333333,en,1.00000000,,1855622,A,34.11667000,131.75000000,ASIA,Japan,EAS
Toori,Toori,GPE,0.00000000,0.00000000,en,1.00000000,,12568581,T,61.29398000,22.73917000,EUROPE,Finland,NEU
western Oita Prefecture,western Oita Prefecture,LOC,0.00000000,0.00000000,en,1.00000000,,10099928,S,33.23940000,131.60786000,ASIA,Japan,EAS
Cortina d'Ampezzo,Cortina d'Ampezzo,GPE,0.00000000,0.00000000,en,1.00000000,4085339-1,3177952,P,46.53690000,12.13903000,EUROPE,Italy,WCE
Trentino-Alto Adige,Trentino-Alto Adige,GPE,0.00000000,0.00000000,en,1.00000000,4060814-1,3165244,A,46.50000000,11.33333000,EUROPE,Italy,WCE
Veneto,Veneto,GPE,0.00000000,0.00000000,en,1.00000000,4062510-2,3164604,A,45.50000000,11.75000000,EUROPE,Italy,WCE
Lombardy,Lombardy,GPE,0.00000000,0.00000000,en,1.00000000,4037100-1,3173435,P,45.46427000,9.18951000,EUROPE,Italy,WCE
Italy,Italy,GPE,0.00000000,1.00000000,en,1.00000000,4027833-5,3175395,A,42.83333000,12.83333000,EUROPE-AFRICA,Italy,MED
Tanzawa,Tanzawa,GPE,0.00000000,0.00000000,en,1.00000000,,1850625,L,35.46667000,139.13333000,ASIA,Japan,EAS
Semeru Volcano,Semeru Volcano,LOC,0.00000000,0.40000000,en,1.00000000,,0,,,,,,
Shiga Prefecture,Shiga Prefecture,GPE,0.05000000,0.50000000,en,1.00000000,129630-9,1853574,P,35.00000000,135.86667000,ASIA,Japan,EAS
Moriyama City,Moriyama City,GPE,0.05000000,0.50000000,en,1.00000000,,7354052,A,35.22123000,136.99559000,ASIA,Japan,EAS
Roppongi Hills,Roppongi Hills,GPE,0.25000000,0.31250000,en,1.00000000,,8030323,S,35.66044000,139.72938000,ASIA,Japan,EAS
Oita City,Oita City,GPE,0.50000000,0.50000000,en,1.00000000,,1854487,P,33.23333000,131.60000000,ASIA,Japan,EAS
Zeroire,Zeroire,GPE,0.40000000,0.40000000,en,1.00000000,,0,,,,,,
Beijing,Beijing,GPE,0.00000000,0.00000000,en,1.00000000,4075971-4,1816670,P,39.90750000,116.39723000,ASIA,China,EAS
TPAC,TPAC,GPE,0.25000000,0.33333333,en,1.00000000,,0,,,,,,
Wenzhou,Wenzhou,GPE,1.01562500,1.31666667,en,1.00000000,6144980-5,1791388,P,27.99942000,120.66682000,ASIA,China,EAS
Kushiro,Kushiro,GPE,0.13636364,0.45454545,en,1.00000000,132191-2,2129376,P,42.97500000,144.37472000,ASIA,Japan,EAS
Saudi Aramco,Saudi Aramco,GPE,0.04166667,0.66666667,en,1.00000000,,9864641,S,17.59136000,44.35577000,ASIA,Saudi Arabia,ARP
the Aomori Prefecture Hachinohe City Board of Education,the Aomori Prefecture Hachinohe City Board of Education,GPE,0.10450000,0.60800000,en,1.00000000,,0,,,,,,
Urakawa,Urakawa,GPE,0.00000000,0.00000000,en,1.00000000,,2127586,P,42.15556000,142.78361000,ASIA,Japan,EAS
Yokosuka City,Yokosuka City,GPE,0.00000000,0.00000000,en,1.00000000,,0,,,,,,
Central Pacific,Central Pacific,LOC,0.08333333,0.29166667,en,1.00000000,,11961322,L,55.75383000,37.62240000,EUROPE,Russia,WCE
Aomori Prefecture Sea,Aomori Prefecture Sea,LOC,0.00000000,0.10000000,en,1.00000000,,0,,,,,,
Eastern Pacific,Eastern Pacific,LOC,0.00000000,0.10000000,en,1.00000000,,11961320,L,55.00000000,40.00000000,EUROPE,Russia,WCE
Western Pacific Coast,Western Pacific Coast,LOC,0.00000000,0.10000000,en,1.00000000,,12492673,L,39.28000000,-155.26000000,PACIFIC,United States,NPO
Pacific coast,Pacific coast,LOC,0.11111111,0.28333333,en,1.00000000,,12212303,L,37.02332000,-77.36954000,NORTH-AMERICA,United States,ENA
Tokachi,Tokachi,GPE,0.00000000,0.00000000,en,1.00000000,,6300321,S,42.73333000,143.21667000,ASIA,Japan,EAS
Otsuchi,Otsuchi,GPE,0.04814815,0.22129630,en,1.00000000,,1853429,T,34.41886000,133.92260000,ASIA,Japan,EAS
Hawaii,Hawaii,GPE,0.27619048,0.81904762,en,1.00000000,251184-8,5855797,A,20.78785000,-156.38612000,PACIFIC,United States,NPO
Liaoning,Liaoning,GPE,0.00000000,0.00000000,en,1.00000000,4254136-0,2036115,A,41.25000000,122.66667000,ASIA,China,EAS
JAPAN,JAPAN,GPE,0.00000000,0.10000000,en,1.00000000,4028495-5,1861060,A,35.68536000,139.75309000,ASIA,Japan,EAS
Noto Island,Noto Island,LOC,0.10000000,0.40000000,en,1.00000000,,1854947,T,37.11667000,137.00000000,ASIA,Japan,EAS
Aramco,Aramco,GPE,0.04545455,0.22651515,en,1.00000000,,9864641,S,17.59136000,44.35577000,ASIA,Saudi Arabia,ARP
Minato-ku,Minato-ku,GPE,0.00000000,0.08611111,en,1.00000000,,1857091,A,35.65000000,139.73333000,ASIA,Japan,EAS
Tanaka,Tanaka,GPE,0.19166667,0.72500000,en,1.00000000,,1850698,A,35.90000000,139.95000000,ASIA,Japan,EAS
the Xinjiang Uyghur Autonomous Region,the Xinjiang Uyghur Autonomous Region,GPE,0.40000000,0.70000000,en,1.00000000,,0,,,,,,
Xinjiang Uyghur Autonomous Region,Xinjiang Uyghur Autonomous Region,GPE,0.40000000,0.70000000,en,1.00000000,4077460-0,1529047,A,41.50000000,85.50000000,ASIA,China,ECA
Keito,Keito,GPE,0.00000000,0.00000000,en,1.00000000,,1874841,P,38.56417000,125.70583000,ASIA,North Korea,EAS
Kanagawa Ward,Kanagawa Ward,GPE,0.00000000,0.00000000,en,1.00000000,,0,,,,,,
Kotani,Kotani,GPE,-0.60000000,1.00000000,en,1.00000000,,12516892,P,-17.51283000,-66.61671000,SOUTH-AMERICA,Bolivia,SAM
AI,AI,GPE,0.00000000,0.00000000,en,1.00000000,,0,,,,,,
Ichimatsu,Ichimatsu,GPE,0.00000000,0.12500000,en,1.00000000,,0,,,,,,
Fuji City,Fuji City,GPE,0.00000000,0.00000000,en,1.00000000,4058679-0,2198148,P,-18.13683000,178.42531000,PACIFIC,Fiji,SPO
Shizuoka Prefecture,Shizuoka Prefecture,LOC,0.00000000,0.00000000,en,1.00000000,4289915-1,1851717,P,34.98333000,138.38333000,ASIA,Japan,EAS
Fuji,Fuji,LOC,0.00000000,0.00000000,en,1.00000000,4017063-9,2205218,A,-18.00000000,178.00000000,PACIFIC,Fiji,SPO
Kushiro City,Kushiro City,GPE,0.00000000,0.00000000,en,1.00000000,,7562192,S,34.94956000,132.13918000,ASIA,Japan,EAS
Noto Town,Noto Town,LOC,0.00000000,0.08611111,en,1.00000000,,7272603,S,43.27278000,-77.14500000,NORTH-AMERICA,United States,ENA
Ushitsu,Ushitsu,GPE,0.00000000,0.08611111,en,1.00000000,,1849155,P,37.30791000,137.15219000,ASIA,Japan,EAS
Kanazawa,Kanazawa,GPE,0.25000000,0.75000000,en,1.00000000,4073191-1,1860243,P,36.60000000,136.61667000,ASIA,Japan,EAS
Parasapo,Parasapo,GPE,0.00000000,0.00000000,en,1.00000000,,0,,,,,,
Iwate Miyako City,Iwate Miyako City,GPE,0.80000000,0.90000000,en,1.00000000,,0,,,,,,
cryopreserving,cryopreserving,GPE,0.16666667,0.20000000,en,1.00000000,,0,,,,,,
Mobara City,Mobara City,GPE,0.00000000,0.00000000,en,1.00000000,,0,,,,,,
Chiba City,Chiba City,GPE,0.00000000,0.00000000,en,1.00000000,,10113713,S,35.77759000,140.31124000,ASIA,Japan,EAS
Wakaba Ward,Wakaba Ward,GPE,0.00000000,0.00000000,en,1.00000000,,0,,,,,,
Inashiki City,Inashiki City,GPE,0.00000000,0.00000000,en,1.00000000,,0,,,,,,
Oami Shirasato City,Oami Shirasato City,GPE,0.00000000,0.00000000,en,1.00000000,,0,,,,,,
Shirasato,Shirasato,GPE,0.00000000,0.00000000,en,1.00000000,,0,,,,,,
Britain,Britain,GPE,0.00000000,0.00000000,en,1.00000000,4321693-6,4839292,P,41.66121000,-72.77954000,NORTH-AMERICA,United States,ENA
Armenia,Armenia,GPE,0.80000000,0.75000000,en,1.00000000,4085931-9,174982,A,40.25000000,45.00000000,ASIA,Armenia,WCA
Tehran,Tehran,GPE,-0.10000000,0.10000000,en,1.00000000,4059304-6,112931,P,35.69439000,51.42151000,ASIA,Iran,WCA
Tenki.jp,Tenki.jp,GPE,-0.60000000,1.00000000,en,1.00000000,,0,,,,,,
the Seto Inland Sea,the Seto Inland Sea,LOC,-0.20000000,0.50000000,en,1.00000000,,0,,,,,,
Niigata Prefecture,Niigata Prefecture,GPE,-0.20000000,0.50000000,en,1.00000000,4208484-2,1855431,P,37.92259000,139.04125000,ASIA,Japan,EAS
Syria,Syria,GPE,-0.03333333,0.30833333,en,1.00000000,4058794-0,163843,A,35.00000000,38.00000000,EUROPE-AFRICA,Syria,MED
Jeddah,Jeddah,GPE,0.00000000,0.00000000,en,1.00000000,4091273-5,105343,P,21.49012000,39.18624000,ASIA,Saudi Arabia,ARP
AItraining,AItraining,GPE,0.14285714,0.26785714,en,1.00000000,,0,,,,,,
Ichihara City,Ichihara City,GPE,0.00000000,0.00000000,en,1.00000000,,0,,,,,,
includingthosefortextanddatamining,includingthosefortextanddatamining,GPE,0.14285714,0.26785714,en,1.00000000,,0,,,,,,
Photoaging,Photoaging,GPE,-0.01250000,0.38750000,en,1.00000000,,0,,,,,,
Ecole Lila,Ecole Lila,LOC,0.00000000,0.00000000,en,1.00000000,,0,,,,,,
Funabashi City,Funabashi City,GPE,0.00000000,0.00000000,en,1.00000000,,0,,,,,,
Takasaki City,Takasaki City,GPE,0.00000000,0.00000000,en,1.00000000,,1850991,T,33.25133000,131.52600000,ASIA,Japan,EAS
the northern Sea,the northern Sea,LOC,0.00000000,0.30000000,en,1.00000000,,3831796,T,-52.00465000,-61.09548000,SOUTH-AMERICA,Falkland Islands,SSA
Koikeya,Koikeya,GPE,0.55000000,0.90000000,en,1.00000000,,0,,,,,,
Nanbu,Nanbu,GPE,0.00000000,0.00000000,en,1.00000000,4679374-4,1799830,P,39.05159000,118.30805000,ASIA,China,EAS
Alps,Alps,GPE,0.40000000,0.60000000,en,1.00000000,,0,,,,,,
Yurakucho,Yurakucho,GPE,0.40000000,0.50000000,en,1.00000000,,1848040,P,35.67494000,139.76193000,ASIA,Japan,EAS
Tobu,Tobu,GPE,0.00000000,0.00000000,en,1.00000000,4299432-9,2267827,P,32.66568000,-16.92547000,ATLANTIC,Portugal,NAO
Nichinan-cho,Nichinan-cho,GPE,0.00000000,0.00000000,en,1.00000000,,1855475,A,35.16225000,133.25939000,ASIA,Japan,EAS
the Hokuriku region,the Hokuriku region,LOC,0.00000000,0.00000000,en,1.00000000,,0,,,,,,
NPS_Domestic,NPS_Domestic,GPE,0.00000000,0.00000000,en,1.00000000,,0,,,,,,
Togane City,Togane City,GPE,0.00000000,0.00000000,en,1.00000000,,1850288,P,34.93923000,132.11202000,ASIA,Japan,EAS
Sammu City,Sammu City,GPE,0.00000000,0.00000000,en,1.00000000,,0,,,,,,
Yamada Town,Yamada Town,GPE,0.00000000,0.00000000,en,1.00000000,,0,,,,,,
-4.7,-4.7,GPE,0.23750000,0.66250000,en,1.00000000,4060518-8,2972315,P,43.60426000,1.44367000,EUROPE-AFRICA,France,MED
Nagaoka City,Nagaoka City,GPE,-0.20000000,0.50000000,en,1.00000000,,12572725,L,33.55899000,130.39676000,ASIA,Japan,EAS
the 2M,the 2M,LOC,0.19000000,0.48333333,en,1.00000000,,6508501,S,5.15000000,-52.64990000,SOUTH-AMERICA,French Guiana,NSA
Okoku,Okoku,GPE,0.03000000,0.47000000,en,1.00000000,,1854265,P,26.17420000,127.76446000,ASIA,Japan,EAS
Everest,Everest,LOC,0.00000000,0.14285714,en,1.00000000,,1283416,T,27.98791000,86.92529000,ASIA,China,TIB
Nepal,Nepal,GPE,0.25000000,0.36666667,en,1.00000000,4041612-4,1282988,A,28.00000000,84.00000000,ASIA,Nepal,TIB
Himalayas,Himalayas,GPE,0.25000000,0.36666667,en,1.00000000,,0,,,,,,
Akita Prefecture's,Akita Prefecture's,LOC,0.00000000,0.00000000,en,1.00000000,,2113125,T,39.75023000,140.07708000,ASIA,Japan,EAS
Aomori Prefecture's,Aomori Prefecture's,GPE,0.00000000,0.00000000,en,1.00000000,,2127628,T,40.83333000,140.41667000,ASIA,Japan,EAS
The United States',The United States',GPE,0.00000000,0.00000000,en,1.00000000,,0,,,,,,
New Year's,New Year's,GPE,0.13636364,0.45454545,en,1.00000000,,3831867,H,-51.93333000,-60.88333000,SOUTH-AMERICA,Falkland Islands,SSA
Yusuhara,Yusuhara,GPE,0.23750000,0.66250000,en,1.00000000,,1848028,P,33.38333000,132.91667000,ASIA,Japan,EAS
Ino Town,Ino Town,GPE,0.23750000,0.66250000,en,1.00000000,,5281337,P,46.53078000,-91.17880000,NORTH-AMERICA,United States,CNA
Honkawa,Honkawa,GPE,0.23750000,0.66250000,en,1.00000000,,0,,,,,,
Motoyama Town,Motoyama Town,GPE,0.23750000,0.66250000,en,1.00000000,,0,,,,,,
Montepulciano,Montepulciano,GPE,0.30000000,0.45000000,en,1.00000000,4115211-6,3172794,P,43.09998000,11.78704000,EUROPE-AFRICA,Italy,MED
Isumi City,Isumi City,GPE,0.00000000,0.00000000,en,1.00000000,,0,,,,,,
Tuscany,Tuscany,GPE,0.30000000,0.45000000,en,1.00000000,4017581-9,3176959,P,43.77925000,11.24626000,EUROPE-AFRICA,Italy,MED
Korea,Korea,GPE,0.00000000,0.30000000,en,1.00000000,4078029-6,1835841,A,36.50000000,127.75000000,ASIA,South Korea,EAS
Shanghai,Shanghai,GPE,0.00000000,0.30000000,en,1.00000000,4052066-3,1796236,P,31.22222000,121.45806000,ASIA,China,EAS
Buretsu,Buretsu,GPE,0.70000000,0.60000000,en,1.00000000,,6537246,A,46.43091000,11.10657000,EUROPE,Italy,WCE
Sujin,Sujin,GPE,0.70000000,0.60000000,en,1.00000000,,12094344,P,41.87833000,129.06230000,ASIA,North Korea,EAS
Kazuno City,Kazuno City,GPE,0.00000000,0.00000000,en,1.00000000,,0,,,,,,
Kazuno,Kazuno,GPE,0.00000000,0.00000000,en,1.00000000,,2130146,P,40.18361000,140.78722000,ASIA,Japan,EAS
Nagara Town,Nagara Town,GPE,0.00000000,0.00000000,en,1.00000000,,7521942,A,10.26746000,-61.38182000,SOUTH-AMERICA,Trinidad and Tobago,NSA
Shirako Town,Shirako Town,GPE,0.00000000,0.00000000,en,1.00000000,,0,,,,,,
Chosei Village,Chosei Village,GPE,0.00000000,0.00000000,en,1.00000000,,0,,,,,,
Mutsuzawa Town,Mutsuzawa Town,GPE,0.00000000,0.00000000,en,1.00000000,,0,,,,,,
Ichinomiya Town,Ichinomiya Town,GPE,0.00000000,0.00000000,en,1.00000000,,0,,,,,,
Yokoshiba Hikari Town,Yokoshiba Hikari Town,GPE,0.00000000,0.00000000,en,1.00000000,,0,,,,,,
Ha Prefecture,Ha Prefecture,GPE,0.00000000,0.00000000,en,1.00000000,4192186-0,1848354,P,35.43333000,139.65000000,ASIA,Japan,EAS
Antarctic,Antarctic,LOC,-0.30000000,0.40000000,en,1.00000000,,6632710,L,-90.00000000,0.00000000,POLAR,Antarctica,EAN
Toyo Ehime Prefecture,Toyo Ehime Prefecture,LOC,0.00000000,0.05000000,en,1.00000000,,1849818,T,34.23068000,133.25736000,ASIA,Japan,EAS
Oki Shimane Prefecture,Oki Shimane Prefecture,GPE,0.00000000,0.05000000,en,1.00000000,,6300368,S,36.17994000,133.32862000,ASIA,Japan,EAS
Sydney,Sydney,GPE,0.00000000,0.00000000,en,1.00000000,4058708-3,2147714,P,-33.86785000,151.20732000,OCEANIA,Australia,EAU
Neapolitan,Neapolitan,GPE,0.00000000,0.00000000,en,1.00000000,,7289803,L,40.70355000,14.30695000,EUROPE-AFRICA,Italy,MED
Harajuku,Harajuku,GPE,0.12500000,0.16666667,en,1.00000000,4353750-9,11058946,L,35.37910000,139.51793000,ASIA,Japan,EAS
Cobb Salad,Cobb Salad,LOC,0.00000000,0.00000000,en,1.00000000,,0,,,,,,
the Pure Land,the Pure Land,LOC,0.27321429,0.57083333,en,1.00000000,,7208316,S,29.87680000,-95.42090000,NORTH-AMERICA,United States,CNA
Gaza Strip,Gaza Strip,GPE,-0.25000000,0.20000000,en,1.00000000,4019325-1,281133,P,31.50161000,34.46672000,EUROPE-AFRICA,Palestinian Territory,MED
Deir Al Bala,Deir Al Bala,GPE,-0.25000000,0.20000000,en,1.00000000,,0,,,,,,
Sakura City,Sakura City,GPE,0.35000000,0.65000000,en,1.00000000,,7227245,L,40.81306000,-73.96222000,NORTH-AMERICA,United States,ENA
Kesa,Kesa,GPE,-0.08750000,0.37500000,en,1.00000000,,161811,T,38.55063000,56.58533000,ASIA,Turkmenistan,WCA
Kuroshima Island,Kuroshima Island,LOC,0.00000000,0.00000000,en,1.00000000,,1858129,T,24.23867000,124.00955000,ASIA,Japan,EAS
Kuroshima,Kuroshima,GPE,0.00000000,0.00000000,en,1.00000000,,1858129,T,24.23867000,124.00955000,ASIA,Japan,EAS
Minami,Minami,GPE,0.00000000,0.00000000,en,1.00000000,,1857197,L,34.95000000,139.95000000,ASIA,Japan,EAS
Odaiba,Odaiba,GPE,0.00000000,0.00000000,en,1.00000000,,10958442,L,35.63138000,139.77343000,ASIA,Japan,EAS
Kagoshima City,Kagoshima City,GPE,0.00000000,0.00000000,en,1.00000000,4308810-7,12574194,S,33.63868000,130.42770000,ASIA,Japan,EAS
Rakuten Market,Rakuten Market,GPE,0.10000000,0.40000000,en,1.00000000,,0,,,,,,
Sampo,Sampo,GPE,0.00000000,0.00000000,en,1.00000000,,1898817,P,37.79830000,127.71278000,ASIA,South Korea,EAS
Yakage Town,Yakage Town,GPE,0.00000000,0.00000000,en,1.00000000,,0,,,,,,
Civilization S,Civilization S,GPE,0.00000000,0.00000000,en,1.00000000,,11209125,S,32.03891000,35.72462000,EUROPE-AFRICA,Jordan,MED
Yabuki Town's,Yabuki Town's,GPE,0.00000000,0.37500000,en,1.00000000,,0,,,,,,
"Fukushima Prefecture (Commerce, Industry and Tourism Division","Fukushima Prefecture (Commerce, Industry and Tourism Division",GPE,0.24352679,0.39821429,en,1.00000000,,0,,,,,,
Yokohama Arena,Yokohama Arena,GPE,0.06818182,0.45000000,en,1.00000000,,0,,,,,,
Suchmos,Suchmos,LOC,0.06818182,0.45000000,en,1.00000000,,0,,,,,,
HuffPost,HuffPost,GPE,-0.30000000,0.70000000,en,1.00000000,,0,,,,,,
Zaporizhia,Zaporizhia,GPE,0.25000000,0.25000000,en,1.00000000,,687700,P,47.85167000,35.11714000,EUROPE,Ukraine,WCE
Kherson,Kherson,GPE,0.25000000,0.25000000,en,1.00000000,4085238-6,706448,P,46.63695000,32.61458000,EUROPE,Ukraine,WCE
Lugansk,Lugansk,GPE,0.25000000,0.25000000,en,1.00000000,,702658,P,48.56952000,39.32857000,EUROPE,Ukraine,WCE
Donetsk,Donetsk,GPE,0.25000000,0.25000000,en,1.00000000,,709717,P,48.02300000,37.80224000,EUROPE,Ukraine,WCE
Aomori River,Aomori River,LOC,0.00000000,0.00000000,en,1.00000000,,2129874,H,41.01667000,140.36667000,ASIA,Japan,EAS
Nagoya City,Nagoya City,GPE,0.00000000,0.50000000,en,1.00000000,,1856057,P,35.18147000,136.90641000,ASIA,Japan,EAS
Konehito,Konehito,GPE,0.00000000,0.00000000,en,1.00000000,,0,,,,,,
the Kii Peninsula,the Kii Peninsula,LOC,-0.10000000,0.40000000,en,1.00000000,,0,,,,,,
Wakayama,Wakayama,GPE,-0.10000000,0.40000000,en,1.00000000,4336248-5,1926004,P,34.23333000,135.16667000,ASIA,Japan,EAS
Tanba City,Tanba City,GPE,-0.12500000,1.00000000,en,1.00000000,,0,,,,,,
the Noto Peninsula Earthquake: Damage,the Noto Peninsula Earthquake: Damage,LOC,0.00000000,0.40000000,en,1.00000000,,0,,,,,,
Qud,Qud,GPE,-0.19375000,0.48750000,en,1.00000000,,283362,P,32.45661000,35.22649000,EUROPE-AFRICA,Palestinian Territory,MED
Maniwa City,Maniwa City,GPE,0.00000000,0.00000000,en,1.00000000,,0,,,,,,
Niimi City,Niimi City,GPE,0.00000000,0.00000000,en,1.00000000,,0,,,,,,
Kasaoka City,Kasaoka City,GPE,0.00000000,0.00000000,en,1.00000000,,0,,,,,,
Izumo City,Izumo City,GPE,0.00000000,0.00000000,en,1.00000000,,5856579,S,21.31889000,-157.86361000,PACIFIC,United States,NPO
Hoki Town,Hoki Town,GPE,0.00000000,0.00000000,en,1.00000000,,0,,,,,,
Hiyoshizu Village,Hiyoshizu Village,GPE,0.00000000,0.00000000,en,1.00000000,,0,,,,,,
Hokuei Town,Hokuei Town,GPE,0.00000000,0.00000000,en,1.00000000,,0,,,,,,
Okuizumo Town,Okuizumo Town,GPE,0.00000000,0.00000000,en,1.00000000,,0,,,,,,
Unnan City,Unnan City,GPE,0.00000000,0.00000000,en,1.00000000,,0,,,,,,
Kofu Town,Kofu Town,LOC,0.00000000,0.00000000,en,1.00000000,,0,,,,,,
Hino Town,Hino Town,GPE,0.00000000,0.00000000,en,1.00000000,,0,,,,,,
Yonago City,Yonago City,GPE,0.00000000,0.00000000,en,1.00000000,,0,,,,,,
Yasugi,Yasugi,GPE,0.00000000,0.00000000,en,1.00000000,1059844982,7392558,A,35.33570000,133.19761000,ASIA,Japan,EAS
Okayama,Okayama,GPE,0.00000000,0.12500000,en,1.00000000,4102047-9,1854383,P,34.65000000,133.93333000,ASIA,Japan,EAS
Kakuteki,Kakuteki,GPE,0.25000000,0.33333333,en,1.00000000,,0,,,,,,
Adachi Ward,Adachi Ward,GPE,0.60000000,0.90000000,en,1.00000000,,0,,,,,,
Yokohama,Yokohama,GPE,-0.07333333,0.53722222,en,1.00000000,4192186-0,1848354,P,35.43333000,139.65000000,ASIA,Japan,EAS
Inasa Beach,Inasa Beach,GPE,0.50000000,1.00000000,en,1.00000000,,0,,,,,,
Ebisu,Ebisu,GPE,0.28750000,0.63333333,en,1.00000000,,11796278,P,45.43669000,141.65997000,ASIA,Japan,RFE
Katatsuki,Katatsuki,GPE,0.25000000,0.33333333,en,1.00000000,,0,,,,,,
Israel,Israel,GPE,0.00000000,0.00000000,en,1.00000000,4027808-6,294640,A,31.50000000,34.75000000,EUROPE-AFRICA,Israel,MED
Hatsukaichi,Hatsukaichi,GPE,0.05000000,0.21666667,en,1.00000000,,1863018,P,34.35000000,132.33333000,ASIA,Japan,EAS
Otake,Otake,LOC,0.05000000,0.21666667,en,1.00000000,,1853661,A,34.25787000,132.18756000,ASIA,Japan,EAS
Otake City,Otake City,GPE,0.16666667,0.20000000,en,1.00000000,,1854755,P,33.65350000,130.33913000,ASIA,Japan,EAS
Nihondo,Nihondo,GPE,0.11818182,0.42727273,en,1.00000000,,0,,,,,,
Udemy,Udemy,GPE,0.08522727,0.25000000,en,1.00000000,,0,,,,,,
Hinoeuma,Hinoeuma,GPE,0.00000000,0.00000000,en,1.00000000,,0,,,,,,
Tono City,Tono City,GPE,0.00000000,0.00000000,en,1.00000000,,10311641,P,33.82372000,130.73655000,ASIA,Japan,EAS
Hanamaki City,Hanamaki City,GPE,0.00000000,0.00000000,en,1.00000000,,0,,,,,,
Aomori Prefecture East,Aomori Prefecture East,LOC,-0.10000000,0.60000000,en,1.00000000,,12909090,L,41.22364000,140.56768000,ASIA,Japan,EAS
