,phrase,label,sentiment,subjectivity,language,count
Japan,,,,,,
Kumamoto,,,,,,
Tohoku,,,,,,
Hokkaido,,,,,,
Kyushu,,,,,,
Tokyo,,,,,,
Okinawa,,,,,,
Kanto,,,,,,
Pacific,,,,,,
Hokuriku,,,,,,
Aomori,,,,,,
China,,,,,,
Aomori Prefecture,,,,,,
the Great East Japan Earthquake,,,,,,
Iwate Prefecture,,,,,,
Nagano,,,,,,
the Kanto region,,,,,,
Honshu,,,,,,
Shikoku,,,,,,
Fukushima Prefecture,,,,,,
US,,,,,,
Ibaraki Prefecture,,,,,,
Iran,,,,,,
the United States,,,,,,
Tokai,,,,,,
Philippines,,,,,,
Yamagata,,,,,,
France,,,,,,
Sanriku,,,,,,
Fukushima,,,,,,
Chugoku,,,,,,
Amami,,,,,,
Kagoshima Prefecture,,,,,,
Chiba Prefecture,,,,,,
Kumamoto Prefecture,,,,,,
Chiba,,,,,,
Fukuoka,,,,,,
Niigata,,,,,,
U.S.,,,,,,
Osaka,,,,,,
Europe,,,,,,
Kumamoto City,,,,,,
Saitama,,,,,,
the Kumamoto Earthquake,,,,,,
Kagoshima,,,,,,
Gunma,,,,,,
Yatsushiro City,,,,,,
Venezuela,,,,,,
Nagoya,,,,,,
the Sakishima Islands,,,,,,
Germany,,,,,,
Shinkansen,,,,,,
Hachinohe City,,,,,,
the Sea of ​​Japan side,,,,,,
Nankai Trough,,,,,,
Tochigi Prefecture,,,,,,
Shimane Prefecture,,,,,,
the Sea of ​​Japan,,,,,,
Nagasaki,,,,,,
Noto Peninsula,,,,,,
Gunma Prefecture,,,,,,
Mexico,,,,,,
Kanagawa Prefecture,,,,,,
Kochi,,,,,,
the Japan Sea,,,,,,
Hiroshima,,,,,,
Northern Japan,,,,,,
Mt.,,,,,,
Miyazaki Prefecture,,,,,,
the Nansei Islands,,,,,,
England,,,,,,
Uki City,,,,,,
America,,,,,,
Kanto-Koshin,,,,,,
Spain,,,,,,
Russia,,,,,,
South Korea,,,,,,
Ishikawa Prefecture,,,,,,
Shizuoka,,,,,,
the Noto Peninsula Earthquake,,,,,,
Ukraine,,,,,,
Sendai,,,,,,
Iwate,,,,,,
Earth,,,,,,
Taiwan,,,,,,
Indonesia,,,,,,
Saitama Prefecture,,,,,,
Yamanashi,,,,,,
Toyama,,,,,,
Brazil,,,,,,
New York,,,,,,
Ishigaki Island,,,,,,
the Pacific coast,,,,,,
Yamanashi Prefecture,,,,,,
Kinki,,,,,,
UK,,,,,,
Paris,,,,,,
Nara,,,,,,
Kyoto,,,,,,
California,,,,,,
Kashima Town,,,,,,
the East China Sea,,,,,,
the Pacific Ocean,,,,,,
Israel,,,,,,
Wajima City,,,,,,
Fukuoka Prefecture,,,,,,
the Tama River,,,,,,
Wakayama Prefecture,,,,,,
Ibaraki,,,,,,
Noto Peninsula Earthquake,,,,,,
Tochigi,,,,,,
San'in,,,,,,
Kawasaki City,,,,,,
Suzu City,,,,,,
Canada,,,,,,
Nagasaki Prefecture,,,,,,
Australia,,,,,,
El Niño,,,,,,
Nagano Prefecture,,,,,,
USA,,,,,,
earth,,,,,,
Western Japan,,,,,,
Sea,,,,,,
Kumagaya,,,,,,
Sanin,,,,,,
Saga,,,,,,
Hashikami Town,,,,,,
Ishikawa,,,,,,
Chiba City,,,,,,
Miyakojima,,,,,,
Mashiki Town,,,,,,
Kanagawa,,,,,,
Gifu,,,,,,
Osaka City,,,,,,
the Noto Peninsula,,,,,,
Oita,,,,,,
the Mariana Islands,,,,,,
Oita Prefecture,,,,,,
Mie Prefecture,,,,,,
Argentina,,,,,,
the Izu Islands,,,,,,
Kansai,,,,,,
London,,,,,,
Akihabara,,,,,,
Tama River,,,,,,
Aichi Prefecture,,,,,,
Otsuchi Town,,,,,,
Los Angeles,,,,,,
Okinawa Prefecture,,,,,,
the Strait of Hormuz,,,,,,
Ishinomaki City,,,,,,
Rausu,,,,,,
Hikawa Town,,,,,,
New Zealand,,,,,,
Iraq,,,,,,
Fukuoka-Kagoshima,,,,,,
Sakishima Islands,,,,,,
Omachi City,,,,,,
Yamaguchi Prefecture,,,,,,
Aichi,,,,,,
JR East,,,,,,
Kobe,,,,,,
Nanao City,,,,,,
Yayoiken,,,,,,
Dubai,,,,,,
tenki.jp,,,,,,
Italy,,,,,,
Chuetsu,,,,,,
Yamagata Prefecture,,,,,,
Kanazawa,,,,,,
Shibuya-ku,,,,,,
Nepal,,,,,,
Minami Ward,,,,,,
Toshima Village,,,,,,
Hawaii,,,,,,
Gosen City,,,,,,
the Truk Islands,,,,,,
Shimane,,,,,,
Osaka Prefecture,,,,,,
the Middle East,,,,,,
Central America,,,,,,
Showa,,,,,,
Minamiaso Village,,,,,,
Hyogo Prefecture,,,,,,
South America,,,,,,
Mutsu City,,,,,,
Fuchu City,,,,,,
Korea,,,,,,
Tottori Prefecture,,,,,,
Shinjuku-ku,,,,,,
Akita,,,,,,
Kyushu Shinkansen,,,,,,
Gifu Prefecture,,,,,,
Shonai,,,,,,
Yamaguchi,,,,,,
Sapporo,,,,,,
Hita,,,,,,
east,,,,,,
Morioka City,,,,,,
United States,,,,,,
TEPCO,,,,,,
Noto Town,,,,,,
the Great East Japan,,,,,,
the Nankai Trough,,,,,,
Hitachi City,,,,,,
the Seto Inland Sea,,,,,,
Shizuoka City,,,,,,
South Korea's,,,,,,
Utsunomiya,,,,,,
the Tsushima Strait,,,,,,
Iriomote Island,,,,,,
Pacific Ocean,,,,,,
the Caroline Islands,,,,,,
Nichinan City,,,,,,
Minamata City,,,,,,
Afghanistan,,,,,,
Guangxi Zhuang Autonomous Region,,,,,,
Tanegashima,,,,,,
Turkey,,,,,,
Yokohama City,,,,,,
Pompeii,,,,,,
Yatsushiro,,,,,,
Toyama Prefecture,,,,,,
Yoron Town,,,,,,
India,,,,,,
JAPAN,,,,,,
Rikuzentakata City,,,,,,
Fuji Rock,,,,,,
Britain,,,,,,
the Sea of ​​Okhotsk,,,,,,
The United States,,,,,,
Minami,,,,,,
Joetsu,,,,,,
Nagoya City,,,,,,
Matsue,,,,,,
Hormuz,,,,,,
East Japan,,,,,,
Sendai City,,,,,,
Akita Prefecture,,,,,,
Nemuro,,,,,,
Okayama Prefecture,,,,,,
Osaki City,,,,,,
Maebashi City,,,,,,
Kuji City,,,,,,
Tenki.jp,,,,,,
Kesa,,,,,,
Naha City,,,,,,
Higashi Ward,,,,,,
​​strong,,,,,,
Koka City,,,,,,
Mindanao Island,,,,,,
Antarctica,,,,,,
Qatar,,,,,,
Alaska,,,,,,
Hanamaki City,,,,,,
Morioka,,,,,,
Finland,,,,,,
Fukuoka City,,,,,,
Utsunomiya City,,,,,,
Takaoka City,,,,,,
Niigata City,,,,,,
Matsue City,,,,,,
the Kuril Trench,,,,,,
Kesennuma City,,,,,,
Fukui,,,,,,
Hakodate City,,,,,,
Antarctic,,,,,,
Sweden,,,,,,
Aso,,,,,,
Sakata City,,,,,,
Netherlands,,,,,,
Texas,,,,,,
Tottori,,,,,,
TOKYO,,,,,,
Miyako City,,,,,,
Washington,,,,,,
Minato-ku,,,,,,
Lotte,,,,,,
Belgium,,,,,,
Kofu,,,,,,
Kaetsu,,,,,,
Kurume,,,,,,
Mindanao,,,,,,
Kyoto City,,,,,,
west,,,,,,
Shibuya,,,,,,
Tsugaru,,,,,,
Tsunagi Town,,,,,,
J.League,,,,,,
M5.6,,,,,,
Uto City,,,,,,
Daitojima,,,,,,
Japan Sea,,,,,,
Awaji Island,,,,,,
Yakushima,,,,,,
Heilongjiang Province,,,,,,
"[Kumamoto City]
",,,,,,
Danube River,,,,,,
M7.5,,,,,,
Nishihara Village,,,,,,
Koshi City,,,,,,
Obihiro City,,,,,,
Hitoyoshi,,,,,,
Tamura City,,,,,,
Kamchatka Peninsula,,,,,,
Shirakawa City,,,,,,
Akune City,,,,,,
West Japan,,,,,,
the San'in coast,,,,,,
Shizuoka Prefecture,,,,,,
Ashikaga City,,,,,,
the Kii Peninsula,,,,,,
Satsuma,,,,,,
Bangladesh,,,,,,
Tsuruoka City,,,,,,
Miyako Island,,,,,,
Okayama,,,,,,
the Eai River,,,,,,
Mito City,,,,,,
Niigata Prefecture,,,,,,
Asia,,,,,,
Ehime Prefecture,,,,,,
Rokkasho Village,,,,,,
Hungary,,,,,,
Africa,,,,,,
the Northern Alps,,,,,,
Saga Prefecture,,,,,,
Hong Kong,,,,,,
Koriyama City,,,,,,
Florida,,,,,,
Switzerland,,,,,,
Bundesliga,,,,,,
Yokohama,,,,,,
Tama,,,,,,
Vietnam,,,,,,
Portugal,,,,,,
Egypt,,,,,,
Misawa City,,,,,,
Okuma Town,,,,,,
Meiji,,,,,,
Nakadori,,,,,,
Nanbu Town,,,,,,
Aomori City,,,,,,
Sukagawa City,,,,,,
Houston,,,,,,
Joetsu City,,,,,,
the Chugoku Mountains,,,,,,
Türkiye,,,,,,
Iwaki City,,,,,,
the Nogawa River,,,,,,
the Kitakami River,,,,,,
NHK BS,,,,,,
Brussels,,,,,,
Yarikata,,,,,,
the Sea of ​​Okhotsk side,,,,,,
Tateyama,,,,,,
Higashidori Village,,,,,,
Ishigaki City,,,,,,
Roman city,,,,,,
Kitakami City,,,,,,
Kagoshima City,,,,,,
the Sea of ​​Japan coast,,,,,,
Tokai Village,,,,,,
Minnesota,,,,,,
Aso City,,,,,,
Ito City,,,,,,
Itoigawa City,,,,,,
Sakurajima,,,,,,
Minamidake,,,,,,
Shin-Aomori,,,,,,
Anamizu Town,,,,,,
Kiev,,,,,,
Morimon,,,,,,
Tibet,,,,,,
Saitama City,,,,,,
Victoria,,,,,,
Nobeoka City,,,,,,
Amami City,,,,,,
Yasugi City,,,,,,
Saito City,,,,,,
Ginza West,,,,,,
North Korea's,,,,,,
Shibuya Ward,,,,,,
Miyako,,,,,,
Hachijojima,,,,,,
Otsuchi,,,,,,
Tsunan Town,,,,,,
Takasaki City,,,,,,
Syria,,,,,,
Tokushima Prefecture,,,,,,
Hamatonbetsu Town,,,,,,
Chishima,,,,,,
Wake Island,,,,,,
Melbourne,,,,,,
Kiryu City,,,,,,
Northeast,,,,,,
Ishikari,,,,,,
Tono City,,,,,,
Philadelphia,,,,,,
Namie Town,,,,,,
Kikuyo Town,,,,,,
the Great North region,,,,,,
Ichikawa City,,,,,,
Shimomashiki District,,,,,,
Kita Ward,,,,,,
Otsu Town,,,,,,
Fudai Village,,,,,,
the sea east,,,,,,
Northern Kyushu,,,,,,
Kanto region,,,,,,
midwestern United States,,,,,,
Tochigi City,,,,,,
Shiga Town,,,,,,
Wakuya Town,,,,,,
Kanuma City,,,,,,
Miyagi,,,,,,
Wakayama,,,,,,
Hamadori,,,,,,
Todoroki,,,,,,
Oku-Noto,,,,,,
Yotsuya,,,,,,
Shiga Prefecture,,,,,,
the eastern sea,,,,,,
the Shiretoko Peninsula,,,,,,
Chishima Trench,,,,,,
Xi'an,,,,,,
Niikappu Town,,,,,,
Kobe City,,,,,,
Kesennuma,,,,,,
Yokosuka,,,,,,
Futaba Town,,,,,,
Kamikita,,,,,,
Tohoku Town,,,,,,
the Tamagawa River,,,,,,
Osawa,,,,,,
Phoenix,,,,,,
Brighton,,,,,,
Onagawa Town,,,,,,
South Africa,,,,,,
Katsuya,,,,,,
Norway,,,,,,
Oirase Town,,,,,,
the Kii Mountains,,,,,,
Gaza,,,,,,
Ninohe City,,,,,,
Sichuan,,,,,,
Gonohe Town,,,,,,
Kanazawa City,,,,,,
Ikebukuro,,,,,,
Milan,,,,,,
Scotland,,,,,,
Suzu,,,,,,
Noheji Town,,,,,,
Hiranai Town,,,,,,
Serbia,,,,,,
Chuo Ward,,,,,,
Chateraise,,,,,,
Asahikawa City,,,,,,
Thailand,,,,,,
Mount Vesuvius,,,,,,
Doha,,,,,,
Macau,,,,,,
the Sea of Japan,,,,,,
Kharg Island,,,,,,
Shiretoko,,,,,,
Yamagata City,,,,,,
East,,,,,,
Bremen,,,,,,
Oshima,,,,,,
NTT East,,,,,,
Fukuyama City,,,,,,
Mongolia,,,,,,
Karumai Town,,,,,,
Soma City,,,,,,
Tajima,,,,,,
Colombia,,,,,,
Kharkiv,,,,,,
Patagonia,,,,,,
Hinamatsuri,,,,,,
Shimas,,,,,,
Kurashiki City,,,,,,
Hakone,,,,,,
New York City,,,,,,
Miami,,,,,,
Kyoto Prefecture,,,,,,
the Kanto plains,,,,,,
Naha,,,,,,
Asahikawa,,,,,,
Ueno,,,,,,
Middle East,,,,,,
Kumamon,,,,,,
Inagi City,,,,,,
Pakistan,,,,,,
Fuchu city,,,,,,
Uonuma City,,,,,,
Okayama City,,,,,,
Chernobyl,,,,,,
Saudi Arabia,,,,,,
Kure,,,,,,
Sakaiminato City,,,,,,
Paraguay,,,,,,
Setagaya,,,,,,
the Zenpukuji River,,,,,,
the Czech Republic,,,,,,
Poland,,,,,,
Greenland,,,,,,
Ubuyama Village,,,,,,
the Tokara Islands,,,,,,
Maebashi,,,,,,
Zagreb,,,,,,
Stuttgart,,,,,,
Taiga,,,,,,
Southeast Asia,,,,,,
the Kumamoto Earthquakes,,,,,,
May.,,,,,,
Ohio,,,,,,
Ama City,,,,,,
Hachimantai City,,,,,,
Saga City,,,,,,
Yokosuka City,,,,,,
Taketomi Town,,,,,,
Fuchu,,,,,,
Subarashi,,,,,,
Gotetsu,,,,,,
Kaldi,,,,,,
Ise City,,,,,,
Odaiba,,,,,,
Tenya,,,,,,
Shimokita,,,,,,
Yonezawa,,,,,,
Hachinohe,,,,,,
Goshogawara City,,,,,,
Tsugaru City,,,,,,
Sotogahama Town,,,,,,
Strength - Area,,,,,,
Kioxia,,,,,,
Bordeaux,,,,,,
Gorimy,,,,,,
Kuroshio Town,,,,,,
Tamagawa,,,,,,
the Chiba Jets,,,,,,
the Midway Islands,,,,,,
Hirosaki City,,,,,,
Sado City,,,,,,
Kamie,,,,,,
Yugama,,,,,,
Boston,,,,,,
Sarufutsu Village,,,,,,
Nishimeya Village,,,,,,
the Ogasawara Islands,,,,,,
Nou,,,,,,
Kagoshima Prefecture's,,,,,,
Mifune Town,,,,,,
Tome City,,,,,,
Minamishimabara City,,,,,,
the Carolin Islands,,,,,,
Chanmi,,,,,,
Monterrey,,,,,,
Hiruobi,,,,,,
Guam Island,,,,,,
Guam,,,,,,
the Sea of,,,,,,
Kagamiishi Town,,,,,,
Motomiya City,,,,,,
M7.2,,,,,,
Caracas,,,,,,
Ymobile,,,,,,
Yahaba Town,,,,,,
Forecast typhoon,,,,,,
Kume Island,,,,,,
Nagano City,,,,,,
Ogawa Village,,,,,,
Chino City,,,,,,
Koshikishima,,,,,,
Tokyo Tama,,,,,,
Midwest,,,,,,
Mobile,,,,,,
Nishikawa Town,,,,,,
Sakihama,,,,,,
the South China Sea,,,,,,
Western Australia,,,,,,
Otawara City,,,,,,
Cape Muroto,,,,,,
Bando City,,,,,,
Moriya City,,,,,,
Aburatsu,,,,,,
Muroto City,,,,,,
Hiwasa,,,,,,
Ashikita Town,,,,,,
Fukaya City,,,,,,
the Nikaryo Waterway,,,,,,
Nishi Ward,,,,,,
the Tonga Islands,,,,,,
Ishinomaki,,,,,,
[Kumamoto City],,,,,,
Kitakyushu,,,,,,
the Korean Peninsula,,,,,,
Northern Tohoku,,,,,,
Hollywood,,,,,,
Ota City,,,,,,
Akusekijima,,,,,,
Kawaguchi,,,,,,
Miyakejima,,,,,,
Sano City,,,,,,
Pacific coasts,,,,,,
Asia-Pacific,,,,,,
Western Europe,,,,,,
Gansu Province,,,,,,
Murakami,,,,,,
Higashitori Village,,,,,,
the east coast,,,,,,
Haneda,,,,,,
Nara City,,,,,,
Chichibu,,,,,,
Nara Prefecture,,,,,,
Kurume City,,,,,,
Ishinomaki Minamihama,,,,,,
Nippon Budokan,,,,,,
Akasaka,,,,,,
Mitsuya Cider,,,,,,
Typhoon Meisak,,,,,,
Guangxi,,,,,,
Nikaido,,,,,,
Kaga City,,,,,,
North and Central America,,,,,,
Kamisu City,,,,,,
Aomori Tsugaru,,,,,,
Hyuga City,,,,,,
Kadokawa Town,,,,,,
Unzen City,,,,,,
Mihama Town,,,,,,
Hokkaido Pacific,,,,,,
Tokyo Bay,,,,,,
Ashikaga,,,,,,
D.C.,,,,,,
the East Sea,,,,,,
Shiba Inus,,,,,,
the Sanriku coast,,,,,,
Takeo City,,,,,,
the Yangtze River,,,,,,
Kushimoto Town,,,,,,
Topvalu,,,,,,
Geoje,,,,,,
Maniwa City,,,,,,
Kami-Amakusa City,,,,,,
Iburi,,,,,,
Alps,,,,,,
Nishio City,,,,,,
Chikugo,,,,,,
Fujieda City,,,,,,
Ashikita,,,,,,
the northern Sea,,,,,,
Funabashi City,,,,,,
Ofunato,,,,,,
Minami Daito Island,,,,,,
Sony Kumamoto,,,,,,
Towada City,,,,,,
Hinagu,,,,,,
Uto,,,,,,
Urakawa,,,,,,
Kagamimachi,,,,,,
Noto,,,,,,
Yamada Town,,,,,,
Sakura City,,,,,,
Kikai Caldera,,,,,,
Iwate Prefecture's,,,,,,
Kitanomaru Park,,,,,,
Niimi City,,,,,,
Oita City,,,,,,
The Sea,,,,,,
Tohoku Pacific,,,,,,
the Ariake Sea,,,,,,
Midori City,,,,,,
Kuji,,,,,,
Kagoshima city,,,,,,
Kushiro City,,,,,,
Kosa Town,,,,,,
Malaysia,,,,,,
Mount Everest,,,,,,
Kagawa Prefecture,,,,,,
Croatia,,,,,,
jersey,,,,,,
Rwanda,,,,,,
Kawasaki City's,,,,,,
Nonoichi City,,,,,,
Marunouchi,,,,,,
Shimashoka,,,,,,
QA,,,,,,
Mukawa Town,,,,,,
Toyooka,,,,,,
the Chishima Trench,,,,,,
Alabama,,,,,,
Lindt,,,,,,
​​the Kanto region,,,,,,
Fukushima Prefecture's,,,,,,
Atsuma Town,,,,,,
Saudi Arabia's,,,,,,
Atlanta,,,,,,
Tokoname City,,,,,,
a Disaster Archipelago'',,,,,,
San Francisco,,,,,,
Heike,,,,,,
Chiyoda Ward,,,,,,
Toyohashi City,,,,,,
Oman,,,,,,
HuffPost Japan,,,,,,
Tehran,,,,,,
Shinjuku,,,,,,
New York's,,,,,,
Imaizumi,,,,,,
Tanaka,,,,,,
Shanghai,,,,,,
Pasco,,,,,,
Strait,,,,,,
Venus,,,,,,
Jupiter,,,,,,
West Tokyo,,,,,,
the Persian Gulf,,,,,,
Lebanon,,,,,,
Osomatsu-san,,,,,,
Aoyama,,,,,,
Takatsu Ward,,,,,,
Shizuoka City's,,,,,,
the United States',,,,,,
Hyogo,,,,,,
Hikawa,,,,,,
the Arctic Circle,,,,,,
Yanmar HD,,,,,,
U20,,,,,,
Vienna,,,,,,
Kaidan,,,,,,
Nishifu,,,,,,
Minoh City,,,,,,
Tinian Island,,,,,,
Morocco,,,,,,
Obihiro,,,,,,
Seattle,,,,,,
Utoro,,,,,,
Sapporo city,,,,,,
the Nemuro Peninsula,,,,,,
Latvia,,,,,,
Hino City,,,,,,
Otsu City,,,,,,
Northern Europe,,,,,,
Greece,,,,,,
Tsunashima Kaido,,,,,,
Helsinki,,,,,,
Ginza Chuo-dori,,,,,,
Nagakute City,,,,,,
Noborito,,,,,,
Todoroki Ryokuchi,,,,,,
Murodo,,,,,,
North Korea,,,,,,
Nakau,,,,,,
Lake Biwa,,,,,,
Nagaoka City,,,,,,
Botanical Garden,,,,,,
6-chome river,,,,,,
Okhotsk,,,,,,
Susaki City,,,,,,
Nao Minami,,,,,,
Portland,,,,,,
Sannohe Town,,,,,,
Hayama Town,,,,,,
Ujina,,,,,,
"Kisarazu City, Chiba Prefecture",,,,,,
Tsukuba City,,,,,,
St. Pauli,,,,,,
Tozaki,,,,,,
Toriya-cho,,,,,,
Kimitsu City,,,,,,
Hachinohe city,,,,,,
Tanzawa,,,,,,
Yonezawa City,,,,,,
Adachi Ward,,,,,,
Ethiopia,,,,,,
Koenji,,,,,,
Noda City,,,,,,
Santa Claus,,,,,,
Takaomi,,,,,,
Yamanashi Prefecture'',,,,,,
Izumo,,,,,,
Ukyo Ward,,,,,,
Shimoodanaka,,,,,,
Hakui City,,,,,,
Shinjuku Ward,,,,,,
the Tsurumi West Exit,,,,,,
Nishinoshima,,,,,,
Matsumoto,,,,,,
Roppongi,,,,,,
the Shonai sea,,,,,,
BINDing,,,,,,
the Kuril Islands,,,,,,
Motosumiyoshi,,,,,,
Nemuro City,,,,,,
Abashiri City,,,,,,
Chofu City,,,,,,
Bosnia and Herzegovina,,,,,,
Herzegovina,,,,,,
Bosnia,,,,,,
Cuba,,,,,,
Shinjo,,,,,,
Unane,,,,,,
Rikka,,,,,,
Toulouse,,,,,,
Meiji Seika,,,,,,
Shimonoseki City,,,,,,
Rokunohe Town,,,,,,
Akabeko,,,,,,
Americas,,,,,,
Hidakaya,,,,,,
Hailey,,,,,,
Yoshikawa,,,,,,
Sumaura Park,,,,,,
Yamba Dam,,,,,,
Moscow,,,,,,
the Summer Sea,,,,,,
Okinoerabu Island,,,,,,
Donetsk,,,,,,
Masakado,,,,,,
Istanbul,,,,,,
Matsuyamachi,,,,,,
Toyama City,,,,,,
Zoltrak,,,,,,
Nikkei,,,,,,
Minas Gerais,,,,,,
Miyagi Prefecture,,,,,,
Koshin,,,,,,
Yabuki Town,,,,,,
the Asia-Pacific region,,,,,,
Santa,,,,,,
Tanba City,,,,,,
hama,,,,,,
Cybozu,,,,,,
Kamogawa City,,,,,,
Chiba Jets,,,,,,
Armenia,,,,,,
the Kanto coast,,,,,,
R6 Tama River,,,,,,
Koremasa,,,,,,
Lotteria,,,,,,
Setsu,,,,,,
Belk,,,,,,
Kamaishi,,,,,,
Cape Verde,,,,,,
Azusa,,,,,,
Narita,,,,,,
Minato Ward,,,,,,
the United Arab Emirates,,,,,,
Kodansha,,,,,,
Yakumo,,,,,,
Mine City,,,,,,
Yao City,,,,,,
Kitaakita City,,,,,,
Central Kalimantan,,,,,,
Soka City,,,,,,
P75-L1,,,,,,
Mall Kumamoto,,,,,,
Negaimasu,,,,,,
the Kyushu Shinkansen,,,,,,
Kochi City,,,,,,
Niiza City,,,,,,
Honmachi,,,,,,
Taipei,,,,,,
the Daimaru Weir,,,,,,
Mitaka City,,,,,,
Namekawa City,,,,,,
Valley,,,,,,
The Kumamoto Earthquake,,,,,,
Yotsuya Area,,,,,,
Kawaba Village,,,,,,
Buffalo,,,,,,
Moriyama City,,,,,,
Tokuryu,,,,,,
Beijing,,,,,,
Genoa,,,,,,
the Arctic Ocean,,,,,,
Funabashi,,,,,,
Harajuku,,,,,,
Natsumi,,,,,,
Nenrinya,,,,,,
Honjuku,,,,,,
Gyokuyo,,,,,,
Nantes,,,,,,
Illinois,,,,,,
Agano City,,,,,,
the Notsuke Peninsula,,,,,,
Sendagaya,,,,,,
Kamaishi City,,,,,,
Arctic,,,,,,
Mos Burger,,,,,,
Omuta City,,,,,,
Ginza,,,,,,
Beirut,,,,,,
Neapolitan,,,,,,
Siberia,,,,,,
Soviet Union,,,,,,
Koto Ward,,,,,,
Fuji,,,,,,
Izu City,,,,,,
Everest,,,,,,
The Kanmon Strait Fireworks Festival,,,,,,
Kagoshima Chuo,,,,,,
Edogawa Ward,,,,,,
JR West,,,,,,
Kido,,,,,,
Shimonumabe,,,,,,
Kiryu,,,,,,
Kunitachi City,,,,,,
Aoyagi,,,,,,
Sagamihara City,,,,,,
Sanriku Offshore Earthquake,,,,,,
the Zempukuji River,,,,,,
Oyabe River,,,,,,
Komagome Rivers,,,,,,
Itami City,,,,,,
the Kanda River,,,,,,
the Kamogawa River,,,,,,
Koshigaya City,,,,,,
Izu Oshima Volcano,,,,,,
Amakusa City,,,,,,
Minamisoma City,,,,,,
Itoshima,,,,,,
Brompton,,,,,,
Kamimashiki District,,,,,,
Nichinan Town,,,,,,
Satsumasendai City,,,,,,
the Far East,,,,,,
Nipah,,,,,,
Villager Priscilla,,,,,,
Kentucky,,,,,,
Isahaya City,,,,,,
Singapore,,,,,,
Z.ai,,,,,,
the Japan Trench,,,,,,
Chicago,,,,,,
Takarajimasha,,,,,,
Hama,,,,,,
Shikagaya,,,,,,
Meirin Shopping District,,,,,,
Shibushi City,,,,,,
Asakura City,,,,,,
Yaeyama,,,,,,
Handa City,,,,,,
Somon Island,,,,,,
Futaba,,,,,,
Sociedad,,,,,,
Onnella,,,,,,
Okubo,,,,,,
Kota Habu,,,,,,
Haven,,,,,,
Sutematsu,,,,,,
Yonaguni Island,,,,,,
Urumqi,,,,,,
Totten Glacier,,,,,,
Yuki,,,,,,
Ise Jingu Geku,,,,,,
Yashiro City,,,,,,
Koide,,,,,,
Shinagawa-ku,,,,,,
Yasuko,,,,,,
Vineland,,,,,,
Suchmos,,,,,,
Takahama,,,,,,
Campanella,,,,,,
Cafe Veloce,,,,,,
Tomiya City,,,,,,
Excelsior Cafe,,,,,,
Yamahashi,,,,,,
C.Palace,,,,,,
Southern Kyushu,,,,,,
Odai Town,,,,,,
Mihama,,,,,,
Yashima,,,,,,
Kumano City,,,,,,
Miyagawa,,,,,,
Komatsubara,,,,,,
Sakyo Ward,,,,,,
Shima City,,,,,,
Dazaifu,,,,,,
Kinki-Kyushu,,,,,,
Sugamo,,,,,,
Summit Kikuna,,,,,,
Yaiba,,,,,,
ZEEFO,,,,,,
Aso En,,,,,,
Dahiya,,,,,,
Konan City,,,,,,
Arctic Ocean Scientific Observation,,,,,,
@STY1330,,,,,,
Owase,,,,,,
Sengawa River,,,,,,
Minamata,,,,,,
Arctic Ocean,,,,,,
Sofia,,,,,,
Rd.4 Fuji,,,,,,
Yazawa River,,,,,,
Shimokitazawa,,,,,,
Muirfield,,,,,,
Colorado River,,,,,,
Jackery Japan,,,,,,
Lake Powell,,,,,,
Romania,,,,,,
T.T.star,,,,,,
Kawazu Town,,,,,,
the Izu Peninsula,,,,,,
Anisakididae,,,,,,
ICC,,,,,,
Shimaenaga,,,,,,
Western rock,,,,,,
valley,,,,,,
Yubari,,,,,,
Boca Raton,,,,,,
Minamiise Town,,,,,,
Toba City,,,,,,
Tone District,,,,,,
Geoje City,,,,,,
the Honjuku Irrigation Waterway,,,,,,
Watarai Town,,,,,,
Kobeya,,,,,,
the Izukyu Line,,,,,,
Sumafest,,,,,,
Ulaanbaatar,,,,,,
Prahovo,,,,,,
Tamagawa Daimaru,,,,,,
Kiho Town,,,,,,
Itabashi Ward,,,,,,
Jackery,,,,,,
South Gyeongsang Province,,,,,,
Zenpukuji River,,,,,,
Kanda River,,,,,,
Ascarina,,,,,,
Midwestern Tsu City,,,,,,
Construction Mashiko,,,,,,
Eastern Matsusaka City,,,,,,
the Dokodemo Conveyor,,,,,,
Chino,,,,,,
The Dodokodemo Conveyor,,,,,,
Funato,,,,,,
Kubokawa,,,,,,
Yamazaki,,,,,,
Fukaya,,,,,,
the Tanegashima/Yakushima,,,,,,
Onohara,,,,,,
Washikura,,,,,,
PHOENIX,,,,,,
Iwabuchi,,,,,,
Miyazu,,,,,,
Maizuru,,,,,,
JR West's,,,,,,
Kusu Town,,,,,,
Kumakogen Town,,,,,,
Fukushima City,,,,,,
Shinjuku Piccadilly,,,,,,
Kokoichi,,,,,,
Piccadilly,,,,,,
Ao-kun,,,,,,
Meirin,,,,,,
Kurayoshi,,,,,,
chawanmushi,,,,,,
Iizuka City,,,,,,
España,,,,,,
Ibi River,,,,,,
Koriyama,,,,,,
Sharin,,,,,,
Renge,,,,,,
tandan,,,,,,
Wadomari Town,,,,,,
Amagi Town,,,,,,
the Tsurumi East Exit,,,,,,
China Town,,,,,,
Kunitachi,,,,,,
Hiroshima Prefecture,,,,,,
Tokunoshima,,,,,,
Nerima,,,,,,
Tokorozawa,,,,,,
Kamisatomi,,,,,,
Kararie,,,,,,
Hatoyama,,,,,,
Daigo,,,,,,
Date City,,,,,,
Yanagawa,,,,,,
Torakomabashi,,,,,,
Nogawa Park,,,,,,
Kake,,,,,,
Kanagawa Prefecture's,,,,,,
Higashiyama Ward,,,,,,
Southwest 15 km,,,,,,
Kusatsu Town,,,,,,
Kokubunji City,,,,,,
Kusatsu,,,,,,
Senbero,,,,,,
the Oshima Peninsula,,,,,,
Honjo-cho,,,,,,
Typhoon Area,,,,,,
the Boso Peninsula,,,,,,
Iwaki,,,,,,
Shopping District,,,,,,
Kanpyo,,,,,,
Sinantrope,,,,,,
Yugao,,,,,,
the Kii Channel,,,,,,
Nambu,,,,,,
Hirakata City,,,,,,
"3-chome, Dorimachi",,,,,,
Atami-cho,,,,,,
Tempris,,,,,,
Narutakizawa,,,,,,
Jecheon,,,,,,
Hakusan,,,,,,
Yushima,,,,,,
Aka,,,,,,
Fukuyama,,,,,,
Umi Town,,,,,,
Calar Alto,,,,,,
Akasaka-cho,,,,,,
JR,,,,,,
Asakusa,,,,,,
the Heiwa Maru,,,,,,
the Tamagawa Riverbed,,,,,,
the Takaoka City Fire Department,,,,,,
the Jetsukawa River System,,,,,,
Togiya-cho,,,,,,
Takaoka,,,,,,
Chile,,,,,,
The Atacama Desert,,,,,,
Alto Hospicio City,,,,,,
Tamba,,,,,,
Yatsushiro Mill,,,,,,
Donghyuk,,,,,,
Toyama Prefectures,,,,,,
Uchihara,,,,,,
Noriyori,,,,,,
Omi,,,,,,
Nishikai-senpai,,,,,,
Shinonome-senpai,,,,,,
Imizu City,,,,,,
Jiangsu Province,,,,,,
Loin,,,,,,
Ryotaro Shiba's,,,,,,
Massachusetts,,,,,,
North-northwest,,,,,,
Hidaka Town,,,,,,
Yonguri dead,,,,,,
Ala.,,,,,,
Tachikawa,,,,,,
NakaU,,,,,,
the southern sea,,,,,,
Sata,,,,,,
Yotsuya water,,,,,,
Honjuku Irrigation Honjuku Irrigation,,,,,,
Mountain View,,,,,,
Ookayama,,,,,,
Tomomi,,,,,,
Typhoon,,,,,,
Shinsaibashi,,,,,,
Oyabe City,,,,,,
yen</li,,,,,,
Nakatsu,,,,,,
Esaka,,,,,,
Kasagatake,,,,,,
Nanto City,,,,,,
Walton County,,,,,,
Miramar Beach,,,,,,
Derby,,,,,,
Tonami City,,,,,,
Tsumura,,,,,,
Sayoko,,,,,,
Dutchess County,,,,,,
Colorado Rockies,,,,,,
Southboro,,,,,,
Wyndham,,,,,,
Yokohama Stadium,,,,,,
Cybertruck,,,,,,
payoku,,,,,,
Yaeyama region,,,,,,
the Tokai Sea,,,,,,
Borderland,,,,,,
Hunan province,,,,,,
Tibetan Autonomous Region,,,,,,
Rasuwa district,,,,,,
Changsha,,,,,,
Hadano Park,,,,,,
El Nino,,,,,,
Gachinko,,,,,,
Tsukkomi,,,,,,
Tokushima/Hiwasa,,,,,,
Mount Asama,,,,,,
the Musashino Plateau,,,,,,
Parliamentary,,,,,,
the Ibo River,,,,,,
Yasutomi,,,,,,
Nuwakot district,,,,,,
Haruki Murakami's,,,,,,
Zushi City,,,,,,
Banrang,,,,,,
Nekohita,,,,,,
the Central Japan Sea Earthquake,,,,,,
Coffeekan,,,,,,
Kitaakita City - Confirming,,,,,,
Mobile Park,,,,,,
R.I.K,,,,,,
Kagoshima Prefecture Yakushima,,,,,,
Kagoshima Prefecture Kikai Airport,,,,,,
the southern ocean,,,,,,
vividboooy,,,,,,
Iceland,,,,,,
[Saga City] Complete,,,,,,
Laputa,,,,,,
Suchmos × IO's,,,,,,
Kohoku Ward,,,,,,
Colombin,,,,,,
Santa Rosa Island,,,,,,
Toyosato,,,,,,
Vanska,,,,,,
the Kanto area,,,,,,
Higashimatsushima City,,,,,,
Tanabe City,,,,,,
Autonomous Prefecture,,,,,,
Keishin Ueno,,,,,,
Gannan,,,,,,
Xiahe,,,,,,
Shiwa Town,,,,,,
Guigang City,,,,,,
Oshu City,,,,,,
Shizu Delta,,,,,,
Kanegasaki Town,,,,,,
BRUSSELS,,,,,,
Mukai Town,,,,,,
Iwakuni City,,,,,,
Hiraizumi Town,,,,,,
Ichinoseki City,,,,,,
Plaza Kumamoto,,,,,,
Hirose,,,,,,
Shari,,,,,,
West Full,,,,,,
Shimanto City,,,,,,
Xiahe County,,,,,,
the Miyako Island,,,,,,
Bastille,,,,,,
Kyubey,,,,,,
Hamamatsu City,,,,,,
Saeki City,,,,,,
Saku,,,,,,
Tyrol,,,,,,
Miyazaki City,,,,,,
Kunitomi Town,,,,,,
Okitama,,,,,,
Murayama,,,,,,
Takanabe Town,,,,,,
Kawanami Town,,,,,,
FUJI ROCK,,,,,,
Suppressionism,,,,,,
Kumamoto Earthquakes,,,,,,
Fuji Rock's,,,,,,
West Germany,,,,,,
Inter Miami,,,,,,
Kokura,,,,,,
Wumao,,,,,,
Gobo,,,,,,
The Sakishima Islands,,,,,,
Las Vegas,,,,,,
the Rechenault Estuary,,,,,,
Shimabara City,,,,,,
Hamanasu,,,,,,
the Notsuke Peninsula Nature Center Narawara,,,,,,
the Notsuke Peninsula Observation House,,,,,,
The Notsuke Peninsula,,,,,,
Rausu Notsuke Saki Lighthouse,,,,,,
Shibetsu Town,,,,,,
Daitojima region,,,,,,
DC,,,,,,
Notsuke Peninsula,,,,,,
Eastern Hokkaido:,,,,,,
Bellingham,,,,,,
The North and Central America World Cup (,,,,,,
Central America World Cup,,,,,,
the FIFA North,,,,,,
Shiohama,,,,,,
Otemachi,,,,,,
DeNA,,,,,,
Fukuoka - Kagoshima,,,,,,
Forecast,,,,,,
The Oita River,,,,,,
north south,,,,,,
the Oita River,,,,,,
F5w59ZlSZ,,,,,,
Kagawa,,,,,,
Takamatsu City JA Kagawa Prefecture,,,,,,
Shiretoko Peninsula,,,,,,
Matsuyama City,,,,,,
Lower East Side,,,,,,
the sea south,,,,,,
@Dacho_Oukoku,,,,,,
Ishioka City,,,,,,
Islay,,,,,,
East Coast,,,,,,
Chichijima,,,,,,
Yonago,,,,,,
Mifune-cho,,,,,,
Ghana,,,,,,
Algeria,,,,,,
the Kawabegawa Dam,,,,,,
the Dominican Republic,,,,,,
the Kuma River,,,,,,
Truk Islands,,,,,,
the Katsuragawa River,,,,,,
Shinanomachi,,,,,,
Sumiyoshi Town,,,,,,
the Fuchu City,,,,,,
Ikata Town,,,,,,
Yanagawa City,,,,,,
Okawa City,,,,,,
​​Sado City,,,,,,
Aikawa,,,,,,
Kamimine Town,,,,,,
Shiroishi Town,,,,,,
Sado,,,,,,
Kanta,,,,,,
the Hinagu Fault Zone,,,,,,
Alto Bavaria,,,,,,
Koshi City (Tokyo Electron,,,,,,
Okutama Town,,,,,,
•,,,,,,
Cybozu Inside Out,,,,,,
Rome,,,,,,
Hoshino,,,,,,
Nusantara,,,,,,
Nagashima Town,,,,,,
Primorye,,,,,,
MEXICO CITY,,,,,,
"""Silicon Island",,,,,,
tr><td,,,,,,
Ebinoja,,,,,,
Kesato,,,,,,
Yamato Town,,,,,,
Yatsushiro Sea,,,,,,
Kumamoto City's,,,,,,
Kashima,,,,,,
Kikuchi City,,,,,,
Nakatsugawa City Tsukechi,,,,,,
Ealing,,,,,,
barbecue,,,,,,
Akune,,,,,,
the southeast coast,,,,,,
Hubei province,,,,,,
Guangdong Province,,,,,,
Chuo,,,,,,
Silicon Island,,,,,,
Midway Islands,,,,,,
the Midway Islands Latitude 13,,,,,,
Karuizawa Town,,,,,,
Nuristan,,,,,,
LONDON,,,,,,
Gujo City,,,,,,
Nicaragua,,,,,,
Kaho,,,,,,
The North and Central America World Cup (World Cup,,,,,,
Ai Yoshikawa,,,,,,
non-Nagoya,,,,,,
Shinchi-cho,,,,,,
Shinjuku LOFT,,,,,,
Shimokitazawa SHELTER,,,,,,
Shibuya WWW,,,,,,
St. Petersburg,,,,,,
Sannomiya,,,,,,
Matsuya,,,,,,
Nippon Ham,,,,,,
the Hachigasaki Coast,,,,,,
Hachigasaki Beach,,,,,,
Nanning city,,,,,,
Toluca,,,,,,
Genkai Town,,,,,,
Mexico City,,,,,,
Myanmar,,,,,,
The Noto Peninsula's,,,,,,
the Rokkosaki Lighthouse,,,,,,
Fuji Rock ',,,,,,
Nagoya city,,,,,,
Yahata,,,,,,
Tajimi,,,,,,
Naeba,,,,,,
Kroi,,,,,,
Kitagawa,,,,,,
Cebu,,,,,,
Yokozawa,,,,,,
Tobishima,,,,,,
Roen-cho,,,,,,
Oguni,,,,,,
Oizawa,,,,,,
Kanta (Kisetsu Fujiwara,,,,,,
Empire,,,,,,
Nanyo City,,,,,,
Millimeshi,,,,,,
"3-chome, Hokancho, Kita-ku",,,,,,
Otsu,,,,,,
Takamatsu City [Kumamoto's,,,,,,
Takamatsu City,,,,,,
Tada,,,,,,
Ogaki,,,,,,
the Central Alps,,,,,,
Aina Star,,,,,,
Tamba Sasayama City,,,,,,
Koganei City,,,,,,
Fuchu City ``Level 4'',,,,,,
Ayase River,,,,,,
KOREA,,,,,,
Yatsushiroumi,,,,,,
the Ayase River,,,,,,
Tatebayashi City,,,,,,
Kazo City,,,,,,
nagaimo,,,,,,
Yashio City,,,,,,
Shibuya Hikarie,,,,,,
Kichijoji,,,,,,
Higashiazabu,,,,,,
Kego,,,,,,
Estonia,,,,,,
Lithuania,,,,,,
Kanro,,,,,,
Komae City,,,,,,
Suita City,,,,,,
Owada,,,,,,
Rusha Bay,,,,,,
Godzilla Rock,,,,,,
TOKIO,,,,,,
Elf Village,,,,,,
Decomas,,,,,,
the Kego Fault Zone,,,,,,
Mikusa,,,,,,
Slovenia,,,,,,
Washington DC,,,,,,
Phillies,,,,,,
Nunkatsu,,,,,,
Central America Tournament,,,,,,
the Tango Peninsula,,,,,,
the Amakusa/Ashikita region,,,,,,
Tanoueya,,,,,,
wwwwwwwwwwwwwwwwwwwww,,,,,,
Zoorasia,,,,,,
the blue sea,,,,,,
Tsukishima Temple,,,,,,
Roman,,,,,,
the Amami Islands,,,,,,
Hitoyoshi City,,,,,,
Matsubase,,,,,,
Chiba Prefecture - Fatal,,,,,,
Nereid,,,,,,
Nazarick,,,,,,
Okinawa Thunderstorms,,,,,,
Sayama City,,,,,,
Shincho,,,,,,
Vernon,,,,,,
the Netherlands,,,,,,
the lake surface,,,,,,
Aso Yumi,,,,,,
Izu/Ogasawara Islands,,,,,,
JR East's,,,,,,
Flores Island,,,,,,
East Nusa,,,,,,
Vesta,,,,,,
Miyazaki,,,,,,
Wakayama prefecture,,,,,,
New Chitose,,,,,,
Philippine Islands,,,,,,
Aso Nakadake,,,,,,
Bikkuri Donkey,,,,,,
Ofuji,,,,,,
JASRI,,,,,,
Hikawa-cho,,,,,,
Moji Ward,,,,,,
Kitakyushu City,,,,,,
Okushiri Island,,,,,,
Iida City,,,,,,
Hino Weir,,,,,,
the Tenryu River,,,,,,
Perla,,,,,,
Nashville,,,,,,
Kashiwa City,,,,,,
Liverpool,,,,,,
Iruma City,,,,,,
Shinbashi,,,,,,
Shirakawa,,,,,,
Yachiyo City,,,,,,
time</td><td,,,,,,
South Park,,,,,,
manju,,,,,,
Cheese Garden's,,,,,,
the Sea of ​​Japan off the coast,,,,,,
Starbucks x Goncha,,,,,,
Turing,,,,,,
Uki City RKK,,,,,,
Umigatari,,,,,,
Ebina City,,,,,,
the United Kingdom,,,,,,
Wajima,,,,,,
storms</li,,,,,,
Hayato,,,,,,
Yoshimatsu,,,,,,
Yoshimatsu-Hayato,,,,,,
the Oki Islands,,,,,,
Prefecture's,,,,,,
Minato City,,,,,,
Hasegawa,,,,,,
Namegawa City,,,,,,
Cybozu Tokyo,,,,,,
Kagoshima Prefecture (,,,,,,
Namekawa City - Latest,,,,,,
Kagoshima Bank,,,,,,
Okazaki City,,,,,,
Boy Scout,,,,,,
Kawaminami Town,,,,,,
Male Kumamoto City,,,,,,
Aso Otohime,,,,,,
Kamiamakusa City,,,,,,
Puerto Rico,,,,,,
the Songhua River,,,,,,
Kanto-Koshinetsu,,,,,,
San Francisco Bay Area Stadium,,,,,,
Meckeln-Drevitz,,,,,,
the Minato River,,,,,,
Hyogo Island,,,,,,
Heilongjiang River,,,,,,
Korakuen,,,,,,
Kyushu ▼,,,,,,
Ryoide,,,,,,
Uchida,,,,,,
Matsuzakaya Nagoya,,,,,,
Roxbury,,,,,,
Sansuiso,,,,,,
Kagamichomachi,,,,,,
Ryode,,,,,,
Takamori Town,,,,,,
Male Uto City,,,,,,
the Jutland peninsula,,,,,,
Udom,,,,,,
Jinseki Kogen Town,,,,,,
Kimitsu,,,,,,
Kyushu Kumamoto,,,,,,
Chocó,,,,,,
Maibara City,,,,,,
Mountain Day,,,,,,
Kaisei,,,,,,
Aomori Seismic,,,,,,
Camellia Hills CC,,,,,,
Excelsior,,,,,,
the West Japan Expressway,,,,,,
Nionohama,,,,,,
South,,,,,,
Shikoku Nagasaki Prefecture,,,,,,
Chiba City Zoological Park's,,,,,,
Yaraqui,,,,,,
East 2,,,,,,
Ofunato Line,,,,,,
Ogasawara,,,,,,
Yoron Island,,,,,,
Aomori Prefecture - Sanyakamikita,,,,,,
Kumejima,,,,,,
the East Full Text,,,,,,
the Kingdom of Brazil,,,,,,
the far east,,,,,,
Denmark,,,,,,
Versailles,,,,,,
Herculaneum,,,,,,
Kujuku Bay,,,,,,
Mitsuke Island,,,,,,
Otsuki City,,,,,,
Yatomi City,,,,,,
Gamagori City,,,,,,
Shimotsuke City,,,,,,
Gyomu,,,,,,
Makuhari,,,,,,
Ibaraki prefecture,,,,,,
Nagano-chan,,,,,,
Fujikawaguchiko Town,,,,,,
``EAST,,,,,,
Asahi City,,,,,,
Tokyo City,,,,,,
San Francisco Bay Area,,,,,,
Okinawa</li,,,,,,
Jochu,,,,,,
Tyrol Rock's,,,,,,
Detroit,,,,,,
Inada Embankment,,,,,,
the Kuji Kasumi Embankment,,,,,,
the Hirase River,,,,,,
sunny Pacific,,,,,,
Ajiko-san,,,,,,
Cairo,,,,,,
Mihama City,,,,,,
New City,,,,,,
Homa,,,,,,
Hokuto City,,,,,,
Fujioka City,,,,,,
Kaminohino,,,,,,
"​​1,244,500 hectares",,,,,,
the Soviet Union,,,,,,
Hitachiota City,,,,,,
Koyabuchi,,,,,,
KADOKAWA,,,,,,
Peroponeso,,,,,,
Eastern Tama Earthquake,,,,,,
-2.1,,,,,,
Wakkanai,,,,,,
Semboku City,,,,,,
Lemokichi,,,,,,
Setagaya Ward,,,,,,
Seta,,,,,,
Sukayu,,,,,,
Tateyama City,,,,,,
Sankei,,,,,,
Yomiuri,,,,,,
​​southeastern Australia,,,,,,
Pome-san'',,,,,,
Michon,,,,,,
the JR Joetsu Line,,,,,,
Akita City,,,,,,
Sugito,,,,,,
West Bengal,,,,,,
Savannah,,,,,,
Minamiboso City,,,,,,
Hijiori,,,,,,
Minamiboso,,,,,,
the Joetsu plains,,,,,,
Towada,,,,,,
Austria,,,,,,
Chikugo City,,,,,,
East-West,,,,,,
Keiichiro,,,,,,
`Kingdom of Citago'',,,,,,
Tottori City,,,,,,
Chugoku-Shikoku,,,,,,
Kagonma Market,,,,,,
Komatsu,,,,,,
Okushiri,,,,,,
M7.6,,,,,,
Nishinomiya City,,,,,,
Naruohama,,,,,,
Yamabashi Yakuhin,,,,,,
Xiaomi Japan's,,,,,,
Aizuwakamatsu City,,,,,,
Italia,,,,,,
Typhoon Nocaen,,,,,,
Yamabashi Yakuho,,,,,,
Nishinomiya City Land,,,,,,
Anan City,,,,,,
Kawasaki City’s,,,,,,
Tsuruga,,,,,,
Todoroki Green Park,,,,,,
BuriKaigi,,,,,,
Ritto City,,,,,,
Kusatsu City,,,,,,
Nonoichi City Shiga Prefecture,,,,,,
Takahama City Gifu Prefecture,,,,,,
Tokai City,,,,,,
Chiryu City,,,,,,
Obu City,,,,,,
Nisshin City,,,,,,
WMO,,,,,,
the Mikawa Earthquake,,,,,,
Rishiri,,,,,,
Sasayama,,,,,,
Hikone City (,,,,,,
Poteto-kun,,,,,,
Nakano,,,,,,
Gifu Full,,,,,,
Yuya,,,,,,
Cordoba,,,,,,
Barcelona,,,,,,
Jelida,,,,,,
Hakata,,,,,,
Numata Town,,,,,,
Rekiken,,,,,,
Mikawa,,,,,,
Shinonome,,,,,,
Shinonome-san,,,,,,
Sedona,,,,,,
Ebigase,,,,,,
Minneapolis,,,,,,
New Jersey,,,,,,
Red Bank,,,,,,
Shinosuke,,,,,,
Nikaryo-Kamikawara Weir River,,,,,,
Gotanda River,,,,,,
Niwasaka,,,,,,
M1E3,,,,,,
Anjo City,,,,,,
Palm Jumeirah,,,,,,
the Kinokawa River,,,,,,
Uzushi,,,,,,
Nogawa,,,,,,
Kiyokawa Village,,,,,,
Aikawa Town,,,,,,
Cornwall,,,,,,
Devon,,,,,,
Sanzentenki.jp,,,,,,
Shigaraki,,,,,,
Yunasumi,,,,,,
Aston Villa,,,,,,
Gulliver,,,,,,
the Sea of ​​Japan and northern Japan,,,,,,
Fuchu Kaido,,,,,,
・All,,,,,,
Taichung,,,,,,
Shikajima,,,,,,
Colorado,,,,,,
Aomori Prefecture East,,,,,,
Kasumi Minami,,,,,,
Saaya,,,,,,
Shengyuan,,,,,,
Calbee,,,,,,
The Wakayama District Public Prosecutors Office,,,,,,
Valtelina,,,,,,
the Higashikawa basin,,,,,,
Picardy,,,,,,
Costa Nova,,,,,,
Hikorohi,,,,,,
the Mineoka mountain,,,,,,
Rokko Island,,,,,,
oden,,,,,,
"Imari City, Saga Prefecture",,,,,,
Mukaigawara,,,,,,
Aomori Higashikami Town,,,,,,
Naramachi,,,,,,
Picardy-kun,,,,,,
Chofu,,,,,,
Tachibana Town,,,,,,
Ichigaya,,,,,,
Fuji Tecom,,,,,,
Tecom,,,,,,
Toyama Bay,,,,,,
Himi City,,,,,,
Himi,,,,,,
Pacific Palisades,,,,,,
Southern California,,,,,,
the North Pole,,,,,,
the Canadian Basin,,,,,,
Sakai City,,,,,,
Aoto,,,,,,
Ikoma City,,,,,,
Mallorca,,,,,,
the Sea of Japan coast,,,,,,
the Nagano area,,,,,,
Nakano-Iiyama,,,,,,
Great Britain,,,,,,
Great Britain's,,,,,,
Chichibu City,,,,,,
New erotic,,,,,,
Fukushima District 1,,,,,,
the Noto Peninsula Full,,,,,,
Wakkanai City,,,,,,
Westland,,,,,,
Higashimatsushima/KIBOTCHA,,,,,,
Suwanosejima,,,,,,
Ukyo,,,,,,
Kota,,,,,,
SXSW,,,,,,
the Nippon Budokan,,,,,,
Tendo City,,,,,,
Varan,,,,,,
the Ash Tribe,,,,,,
Mala Tang,,,,,,
Nichinan,,,,,,
Tama Hills,,,,,,
Kaminagata,,,,,,
Nagatacho,,,,,,
VT,,,,,,
Boso,,,,,,
North London,,,,,,
Normal Hill,,,,,,
South Sulawesi,,,,,,
Seiya,,,,,,
Tenipuri,,,,,,
Reborn,,,,,,
Kurobasu,,,,,,
Bangkok,,,,,,
U.S.A.,,,,,,
Putney,,,,,,
Mimasaka City,,,,,,
Garapan,,,,,,
Tahara City,,,,,,
Kawazu,,,,,,
East Exit,,,,,,
Gakuenkita,,,,,,
Yadoame,,,,,,
Hakone Town,,,,,,
Ito,,,,,,
Nippon Ichi Software,,,,,,
Shobara City,,,,,,
Kariya City,,,,,,
Tokai Region,,,,,,
Caucasus,,,,,,
Sampo,,,,,,
Iwanuma City,,,,,,
Oarai Town,,,,,,
Narita City,,,,,,
the JR East Mito Branch,,,,,,
eastern Kanagawa Prefecture,,,,,,
Mutsu City Library,,,,,,
Satoful,,,,,,
Iwate Prefecture Ichi…,,,,,,
Shichinohe,,,,,,
Nakadomari Town,,,,,,
Imabetsu Town,,,,,,
Ta City,,,,,,
Towa,,,,,,
Shiranai Town,,,,,,
Ikakuya,,,,,,
Teikoku,,,,,,
NTT East's,,,,,,
Kawaragi,,,,,,
Shinhidaka Town,,,,,,
Abira Town,,,,,,
Shinshinotsu Village,,,,,,
Kitami City,,,,,,
Aomori - Earthquake,,,,,,
the Aomori Prefecture Eastern Offshore Earthquake,,,,,,
Hokkaido Kanto,,,,,,
Katingan Regency,,,,,,
Parasapo,,,,,,
Yabuki Town's,,,,,,
"Fukushima Prefecture (Commerce, Industry and Tourism Division",,,,,,
Yokohama Arena,,,,,,
HuffPost,,,,,,
Zaporizhia,,,,,,
Kherson,,,,,,
Lugansk,,,,,,
Aomori River,,,,,,
Konehito,,,,,,
Iwate Miyako City,,,,,,
Hachimachi,,,,,,
kogi_musu,,,,,,
Bunka-kun,,,,,,
Nemuro Peninsula,,,,,,
Dresden,,,,,,
@GermanyinJapan,,,,,,
Konakano,,,,,,
Honhachinohe,,,,,,
Budapest,,,,,,
GNSS,,,,,,
Negaimas,,,,,,
Tsurumi Ward,,,,,,
Yuudachi,,,,,,
Sichuan province,,,,,,
North America,,,,,,
Aso region,,,,,,
Fuji City,,,,,,
Ushitsu,,,,,,
Wenzhou,,,,,,
Toori,,,,,,
TPAC,,,,,,
Otomi,,,,,,
the Saigoku region,,,,,,
Aso city,,,,,,
Sarawak,,,,,,
Kumamoto/Aso,,,,,,
Aso caldera,,,,,,
AI,,,,,,
Chikuho,,,,,,
Nanyo,,,,,,
western Oita Prefecture,,,,,,
Cortina d'Ampezzo,,,,,,
Trentino-Alto Adige,,,,,,
Veneto,,,,,,
Lombardy,,,,,,
Semeru Volcano,,,,,,
Roppongi Hills,,,,,,
Zeroire,,,,,,
Ichimatsu,,,,,,
Kotani,,,,,,
Nomi City,,,,,,
Aomori Prefecture Sea,,,,,,
the Sanriku coastline,,,,,,
Aomori Prefecture Earthquake,,,,,,
Cold,,,,,,
️Hirosaki,,,,,,
Hakodate,,,,,,
Noda Village,,,,,,
Makomai Nishikou,,,,,,
Kushiro,,,,,,
the Aomori Prefecture Hachinohe City Board of Education,,,,,,
Central Pacific,,,,,,
Eastern Pacific,,,,,,
Kanagawa Ward,,,,,,
Western Pacific Coast,,,,,,
Pacific coast,,,,,,
Tokachi,,,,,,
Liaoning,,,,,,
Noto Island,,,,,,
Saudi Aramco,,,,,,
Aramco,,,,,,
the Xinjiang Uyghur Autonomous Region,,,,,,
Xinjiang Uyghur Autonomous Region,,,,,,
Keito,,,,,,
Civilization S,,,,,,
Sydney,,,,,,
Shiki City,,,,,,
Rakuten Market,,,,,,
Aomori Prefecture's,,,,,,
The United States',,,,,,
New Year's,,,,,,
Yusuhara,,,,,,
Ino Town,,,,,,
Honkawa,,,,,,
Motoyama Town,,,,,,
-4.7,,,,,,
Montepulciano,,,,,,
Tuscany,,,,,,
Buretsu,,,,,,
Sujin,,,,,,
Kazuno City,,,,,,
Kazuno,,,,,,
Nagara Town,,,,,,
Shirako Town,,,,,,
Chosei Village,,,,,,
Mutsuzawa Town,,,,,,
Ichinomiya Town,,,,,,
Yokoshiba Hikari Town,,,,,,
Ha Prefecture,,,,,,
Isumi City,,,,,,
Sammu City,,,,,,
Akita Prefecture's,,,,,,
Himalayas,,,,,,
Okoku,,,,,,
Uchibo,,,,,,
Fujimino City Yoshikawa City,,,,,,
Misato City,,,,,,
Toda City,,,,,,
Kawaguchi City,,,,,,
Inzai City,,,,,,
Kisarazu City,,,,,,
Urayasu City,,,,,,
Kanto Region,,,,,,
Winter BPC,,,,,,
BPC,,,,,,
Nakahara,,,,,,
the 2M,,,,,,
Tamagawa Ryokuchi Park Ground,,,,,,
the Komae City,,,,,,
Ishikawa Noto,,,,,,
IfCv,,,,,,
A79-L1,,,,,,
Tsumagoi Village,,,,,,
Omama,,,,,,
Tsumagoi,,,,,,
Aisapo Omama,,,,,,
Joetsu Plains 10cm,,,,,,
Ichihara City,,,,,,
Togane City,,,,,,
Mobara City,,,,,,
Otake City,,,,,,
Kofu Town,,,,,,
Hino Town,,,,,,
Yonago City,,,,,,
Yasugi,,,,,,
Kakuteki,,,,,,
Inasa Beach,,,,,,
Ebisu,,,,,,
Katatsuki,,,,,,
Hatsukaichi,,,,,,
Otake,,,,,,
Nihondo,,,,,,
Okuizumo Town,,,,,,
Udemy,,,,,,
Hinoeuma,,,,,,
Qud,,,,,,
the Noto Peninsula Earthquake: Damage,,,,,,
Cobb Salad,,,,,,
the Pure Land,,,,,,
Gaza Strip,,,,,,
Deir Al Bala,,,,,,
Kuroshima Island,,,,,,
Kuroshima,,,,,,
Unnan City,,,,,,
Hokuei Town,,,,,,
Wakaba Ward,,,,,,
Nanbu,,,,,,
Inashiki City,,,,,,
Oami Shirasato City,,,,,,
Shirasato,,,,,,
Jeddah,,,,,,
cryopreserving,,,,,,
AItraining,,,,,,
includingthosefortextanddatamining,,,,,,
Photoaging,,,,,,
Ecole Lila,,,,,,
Koikeya,,,,,,
Yurakucho,,,,,,
Hiyoshizu Village,,,,,,
Tobu,,,,,,
Nichinan-cho,,,,,,
the Hokuriku region,,,,,,
NPS_Domestic,,,,,,
Toyo Ehime Prefecture,,,,,,
Oki Shimane Prefecture,,,,,,
Yakage Town,,,,,,
Kasaoka City,,,,,,
Izumo City,,,,,,
Hoki Town,,,,,,
Wakasa Bay,,,,,,
the Caspian Sea,,,,,,
Tyrol Rocky,,,,,,
Okuda,,,,,,
Nullstar,,,,,,
Satoyama,,,,,,
the Nyu massif,,,,,,
Yamada,,,,,,
Nagano Prefecture - Same,,,,,,
Northern Nagano,,,,,,
Matsumoto-Nagano:,,,,,,
Otari Village,,,,,,
Hakuba Village,,,,,,
Ikeda Town,,,,,,
Chikuhoku Village,,,,,,
Asahi Village,,,,,,
Yamagata Village,,,,,,
Mayi Village,,,,,,
Minowa Town,,,,,,
Tatsuno Town,,,,,,
Aoki Village,,,,,,
Azumino City,,,,,,
Suwa City,,,,,,
Matsumoto City,,,,,,
Matsukawa Village,,,,,,
Ikusaka Village,,,,,,
Earth Star,,,,,,
B.C.,,,,,,
Hakumadake,,,,,,
Straits,,,,,,
SP,,,,,,
South Georgia Island,,,,,,
Kozuchi,,,,,,
Earth Day,,,,,,
Kyushu The,,,,,,
Nigeria,,,,,,
Hikone,,,,,,
Shinjo City,,,,,,
Mikawa Town,,,,,,
Murayama City,,,,,,
Iwate Prefecture coast,,,,,,
Sarabetsu Village,,,,,,
Koyanagi-cho,,,,,,
Sekine Beach,,,,,,
Iwaizumi Town,,,,,,
Ofunato City,,,,,,
Akita coast,,,,,,
Iwate coast,,,,,,
Yamagata Shonai,,,,,,
Hokkaido Pacific Ocean,,,,,,
Hashikami-cho,,,,,,
Pacific Coast,,,,,,
Central Pacific Coast,,,,,,
Fukushima Daiichi,,,,,,
Kawagoe City,,,,,,
Kawagoe,,,,,,
Kyushu Even,,,,,,
Hitachi Seaside Park,,,,,,
Hitachinaka City,,,,,,
Nemophila,,,,,,
New spring,,,,,,
new spring,,,,,,
Shibuya Loft,,,,,,
Kokubunji,,,,,,
the Kamimachi Fault Zone,,,,,,
Toyonaka City,,,,,,
Toyonaka City Boys Fire Club,,,,,,
Kyushu Rain,,,,,,
Natsumi Tago,,,,,,
Odoi,,,,,,
[Kumamoto City x Minato Ward],,,,,,
Tojima,,,,,,
Tsushima,,,,,,
Geneva,,,,,,
Yawatadon,,,,,,
Noge,,,,,,
the Utsunomiya City,,,,,,
Surface,,,,,,
Aizuwakamatsu,,,,,,
nemophila,,,,,,
Tama Ward,,,,,,
Kyobashi,,,,,,
Ushiami,,,,,,
-Kumamoto,,,,,,
Magyar,,,,,,
Bunkyo Ward,,,,,,
Mejirodai,,,,,,
Monkey Mountain,,,,,,
Hadano City,,,,,,
the Mizunashi River,,,,,,
Walton,,,,,,
eastern Pacific Ocean,,,,,,
the central Pacific Ocean,,,,,,
[Kumamoto City x Shinjuku Ward],,,,,,
Kirimaru,,,,,,
[Kumamoto City x Minato Ward,,,,,,
Cybozu QA,,,,,,
Kyodonomori BBQ,,,,,,
the Antarctic ocean,,,,,,
Weddell Sea,,,,,,
Waraji Island,,,,,,
Jamaica,,,,,,
Payoku,,,,,,
Islamabad,,,,,,
Settsu,,,,,,
the South Atlantic Ocean,,,,,,
Yoneya,,,,,,
Shigeko,,,,,,
tuile,,,,,,
Starry,,,,,,
Raichozawa,,,,,,
Corpus Christi,,,,,,
the Colorado River's,,,,,,
Kisou,,,,,,
Kisei,,,,,,
Oshi,,,,,,
West Slow central,,,,,,
Asahiyama Zoo,,,,,,
Muroran,,,,,,
Tadotsu Town,,,,,,
the Atlantic Ocean,,,,,,
Gassanzawa,,,,,,
-23 m/s,,,,,,
-15 m/s,,,,,,
Kamikawa,,,,,,
Scandinavia,,,,,,
Arai,,,,,,
Rishiri/Rebun,,,,,,
the Okhotsk Sea,,,,,,
LAB.,,,,,,
The Nansei Islands,,,,,,
Peru,,,,,,
Moriyama (Okinawa Prefecture,,,,,,
Kuiper,,,,,,
Kotakarajima,,,,,,
Tainai City,,,,,,
Tirol Rocky,,,,,,
Kenya,,,,,,
Bando,,,,,,
Canary Islands,,,,,,
Tenerife,,,,,,
Andes,,,,,,
Niseko,,,,,,
Kyodo,,,,,,
Wolverhampton,,,,,,
Chiba J's,,,,,,
Yatsushiro City's,,,,,,
"Dermaline, South Korea's",,,,,,
Kanto - Tokyo,,,,,,
Sanriku-oki Earthquake,,,,,,
Niigata Prefecture's,,,,,,
"[Yokohama City]
",,,,,,
Yokohama city,,,,,,
​​eastern,,,,,,
"Application, Region",,,,,,
the Mushroom Kingdom,,,,,,
◆ Chikusei City,,,,,,
Kasumigaseki,,,,,,
Incas,,,,,,
the Wari Empire,,,,,,
Wari Empire,,,,,,
Aoyama-senpai's,,,,,,
Katsuura,,,,,,
Chuo-ku,,,,,,
Chitose City,,,,,,
Mikasa City,,,,,,
Tenkasu Rice Balls,,,,,,
Tomari Village,,,,,,
Iitate,,,,,,
Meguro River,,,,,,
Toko,,,,,,
Aoyama-senpai,,,,,,
Ohtani,,,,,,
Okinawa Motobucho,,,,,,
Peking,,,,,,
Torano,,,,,,
Lillie,,,,,,
Ontario,,,,,,
Sunday).There,,,,,,
Itagaki,,,,,,
Ryunan,,,,,,
Torataro,,,,,,
Misuzu Narita,,,,,,
Nakanoshima,,,,,,
Mobara,,,,,,
Mikobata Mining Plant,,,,,,
Todoroki Ryokuchi”,,,,,,
Red Sea,,,,,,
Sakuma-san,,,,,,
Raichosawa,,,,,,
Ibaraki Prefecture Eastern,,,,,,
[Nara City],,,,,,
Ku,,,,,,
Westminster,,,,,,
Inatori,,,,,,
Higashiizu Town,,,,,,
Chishima Island,,,,,,
Saitama/Kawagoe,,,,,,
Vermicelle,,,,,,
Ikuno,,,,,,
the Taiwan Strait,,,,,,
LA,,,,,,
Antarctic Oasis'',,,,,,
Erimo,,,,,,
RKK Kumamoto,,,,,,
Nayokusa Fuji,,,,,,
"[Saitama Prefecture]
",,,,,,
"[Saitama Prefecture] ""Audible Hazard Map",,,,,,
Garoon,,,,,,
the Bantan Line,,,,,,
Nasu,,,,,,
the West Coast,,,,,,
the Black Sea,,,,,,
Horai Island,,,,,,
weather.・Cherry blossoms,,,,,,
Yokkaichi,,,,,,
Minamisanriku Town,,,,,,
Minamisanriku,,,,,,
KDcolle,,,,,,
Tachikawa City,,,,,,
The Tachikawa City Half Marathon,,,,,,
Babahera,,,,,,
Fuyuhashi,,,,,,
Suzuka Ueno,,,,,,
Machi,,,,,,
Sendai city,,,,,,
Cocos,,,,,,
the western Sea,,,,,,
Imuraya,,,,,,
Manchester City,,,,,,
Perth,,,,,,
Stormy,,,,,,
Oyama City (Tochigi Prefecture,,,,,,
the Ikomayama derby,,,,,,
Kamchatka,,,,,,
Bali,,,,,,
Taiki-cho,,,,,,
the Great East Japan Earthquake Otsuchi Town,,,,,,
Seiryo,,,,,,
the south coast,,,,,,
Hirono Town,,,,,,
Shodoshima,,,,,,
the Great East Japan Earthquake'',,,,,,
the Great East Japan Earthquake: Seismic activity,,,,,,
Kirigamine,,,,,,
Inami Town,,,,,,
Innan,,,,,,
Shinagawa,,,,,,
Gotenyama,,,,,,
Kawauchi Village,,,,,,
Naraha Town,,,,,,
Ono Town,,,,,,
Oku-Nikko,,,,,,
Furudon Town,,,,,,
Asakawa Town,,,,,,
Hirata Village,,,,,,
Tamagawa Village,,,,,,
Ishikawa Town,,,,,,
Izumizaki Village,,,,,,
Tenei Village,,,,,,
Nihonmatsu City,,,,,,
Dominica,,,,,,
NY,,,,,,
the Yayoi Sho,,,,,,
Delaware,,,,,,
Kamo,,,,,,
the Chita Peninsula,,,,,,
Pantan,,,,,,
the City of Buffalo,,,,,,
Hamburg,,,,,,
Ueda City,,,,,,
New England,,,,,,
Miyazaki Prefecture Kushima City,,,,,,
the Antarctic sea,,,,,,
Sasebo,,,,,,
Shokz Japan,,,,,,
Sakanaction,,,,,,
Chita Peninsula,,,,,,
Aogashima,,,,,,
Atami City,,,,,,
Sosa City,,,,,,
Futtsu City,,,,,,
Yoyogi Park,,,,,,
Ome City,,,,,,
Koyanagicho,,,,,,
Antenor,,,,,,
Musashikoyama,,,,,,
Kawatana,,,,,,
Yerevan,,,,,,
Orcan,,,,,,
Johor,,,,,,
Kogen,,,,,,
Tara,,,,,,
Tochigi/,,,,,,
Niagara,,,,,,
G6M3,,,,,,
Fukushima Ward,,,,,,
Amagasaki Rookie Series,,,,,,
Hiroshima City,,,,,,
the Kanto Mountains,,,,,,
Bungeishunju,,,,,,
Toma Town,,,,,,
Time zone,,,,,,
Miyakojima City,,,,,,
Tohoku Sea,,,,,,
Japan.・Kanto-Koshin,,,,,,
​​fire,,,,,,
Mataro,,,,,,
Osumi,,,,,,
the Satsuma Peninsula,,,,,,
Ezo,,,,,,
Macchan,,,,,,
Kamisunagawa Town,,,,,,
Millbrook,,,,,,
"Urayasu City,",,,,,,
Akahama,,,,,,
Maruyama-cho,,,,,,
the Tohoku coast,,,,,,
Daikin Park,,,,,,
Shiba Park,,,,,,
Sailor Moon,,,,,,
Ikaho Onsen,,,,,,
Joshu,,,,,,
Lake Haruna,,,,,,
Inkstone Rock,,,,,,
Slavyansk,,,,,,
Yanaizu Town,,,,,,
Aizu,,,,,,
Kii Oshima Island,,,,,,
mentsuyu,,,,,,
the South Pacific,,,,,,
Shimasu,,,,,,
Kaku,,,,,,
Musashikosugi,,,,,,
Cagi de Reve,,,,,,
Botanical Garden's,,,,,,
Uma Musume,,,,,,
Oe Town,,,,,,
Arizona,,,,,,
Montana,,,,,,
Asago City,,,,,,
Wakayama City,,,,,,
Niigata City's,,,,,,
Central China,,,,,,
Minami Town,,,,,,
Shimono City,,,,,,
Matsushima Town,,,,,,
the Moluccan Sea,,,,,,
the Molucca Sea,,,,,,
Tone River,,,,,,
the Azuma River,,,,,,
Azuma District,,,,,,
Naganohara Town,,,,,,
Agattan,,,,,,
Miyashiro Town,,,,,,
Mashiko Town,,,,,,
Oyama City,,,,,,
Tokushima,,,,,,
Miya City,,,,,,
Utsu,,,,,,
Sakuragawa City,,,,,,
Chikusei City,,,,,,
Kasama City,,,,,,
Moka City,,,,,,
the Strait of Hormuz https://www.sankei.com/article/,,,,,,
Jb2HXj821>>.1303,,,,,,
Kaiyo,,,,,,
Ando,,,,,,
Yamakataya,,,,,,
Shimogyo Ward,,,,,,
Yamagataya,,,,,,
Mid-Atlantic,,,,,,
Kyotango,,,,,,
Sando,,,,,,
Yuzuya,,,,,,
Kawajiri Town,,,,,,
Namegawa Town,,,,,,
West Japan's,,,,,,
San,,,,,,
Izu Islands,,,,,,
Indiana,,,,,,
Lake Village,,,,,,
the Gulf Coast,,,,,,
Kajima,,,,,,
Osawacho,,,,,,
AR,,,,,,
Ariake,,,,,,
Yoshiki,,,,,,
Clostridium (Tokyo,,,,,,
M9.0,,,,,,
Indian Ocean,,,,,,
Aceh province,,,,,,
Nanashi-san,,,,,,
Shiga Lakes,,,,,,
Shibuya Gyoza,,,,,,
Egg San,,,,,,
Shiga,,,,,,
Grand Castella,,,,,,
Gemini,,,,,,
the JR Line,,,,,,
X1qAo+0w,,,,,,
Sakurai City,,,,,,
Hashinaka,,,,,,
Shenzhen,,,,,,
nubia,,,,,,
Alpen Outdoors,,,,,,
Pool D,,,,,,
Yokumoku,,,,,,
Kidzania,,,,,,
Daiichi-tei,,,,,,
R6 Tama River Daimaru,,,,,,
Minoh,,,,,,
Disney,,,,,,
Nagoya PARCO West Building,,,,,,
Uvance,,,,,,
Kuma Village,,,,,,
Taizentenki.jp,,,,,,
bondro,,,,,,
Futaba County,,,,,,
Hinode-cho,,,,,,
Osaka Bay,,,,,,
